noise,training_size,accuracy
0.058,10,0.9666666666666667
0.058,10,0.9666666666666667
0.058,10,0.9
0.058,10,1.0
0.058,10,0.9666666666666667
0.058,10,0.9666666666666667
0.058,10,0.9666666666666667
0.058,10,0.8333333333333334
0.058,10,1.0
0.058,10,1.0
0.058,10,0.9666666666666667
0.058,10,1.0
0.058,10,1.0
0.058,10,0.9666666666666667
0.058,10,0.9666666666666667
0.058,10,1.0
0.058,10,0.9666666666666667
0.058,10,0.9666666666666667
0.058,10,0.9333333333333333
0.058,10,0.9333333333333333
0.058,10,0.7
0.058,10,0.9666666666666667
0.058,10,0.9666666666666667
0.058,10,0.9
0.058,10,0.9
0.058,10,0.9333333333333333
0.058,10,0.9666666666666667
0.058,10,1.0
0.058,10,0.9666666666666667
0.058,10,1.0
0.058,10,1.0
0.058,10,1.0
0.058,10,0.9333333333333333
0.058,10,0.9666666666666667
0.058,10,0.9666666666666667
0.058,10,0.9666666666666667
0.058,10,1.0
0.058,10,1.0
0.058,10,0.9666666666666667
0.058,10,1.0
0.058,10,0.8666666666666667
0.058,10,0.9666666666666667
0.058,10,0.8666666666666667
0.058,10,1.0
0.058,10,0.9666666666666667
0.058,10,0.9333333333333333
0.058,10,1.0
0.058,10,0.6666666666666666
0.058,10,1.0
0.058,10,0.9666666666666667
0.058,10,0.9666666666666667
0.058,10,0.9666666666666667
0.058,10,0.9333333333333333
0.058,10,1.0
0.058,10,0.9666666666666667
0.058,10,1.0
0.058,10,0.9666666666666667
0.058,10,0.9333333333333333
0.058,10,1.0
0.058,10,0.9
0.058,10,1.0
0.058,10,0.9333333333333333
0.058,10,0.7333333333333333
0.058,10,0.9666666666666667
0.058,10,0.9666666666666667
0.058,10,0.9333333333333333
0.058,10,0.9666666666666667
0.058,10,0.9666666666666667
0.058,10,0.9
0.058,10,0.8666666666666667
0.058,10,0.9666666666666667
0.058,10,0.9666666666666667
0.058,10,1.0
0.058,10,0.9666666666666667
0.058,10,1.0
0.058,10,0.8666666666666667
0.058,10,1.0
0.058,10,0.9666666666666667
0.058,10,0.9333333333333333
0.058,10,0.8
0.058,10,1.0
0.058,10,0.9
0.058,10,0.9666666666666667
0.058,10,0.9666666666666667
0.058,10,0.9666666666666667
0.058,10,1.0
0.058,10,0.9666666666666667
0.058,10,0.9333333333333333
0.058,10,0.8333333333333334
0.058,10,0.9666666666666667
0.058,10,0.9
0.058,10,1.0
0.058,10,0.8666666666666667
0.058,10,0.9333333333333333
0.058,10,1.0
0.058,10,0.9333333333333333
0.058,10,0.9666666666666667
0.058,10,1.0
0.058,10,1.0
0.058,10,1.0
0.058,20,0.9666666666666667
0.058,20,0.9333333333333333
0.058,20,0.9666666666666667
0.058,20,0.9333333333333333
0.058,20,0.9333333333333333
0.058,20,1.0
0.058,20,0.9666666666666667
0.058,20,1.0
0.058,20,0.9666666666666667
0.058,20,1.0
0.058,20,1.0
0.058,20,0.9
0.058,20,0.9666666666666667
0.058,20,0.9666666666666667
0.058,20,0.9333333333333333
0.058,20,0.9666666666666667
0.058,20,1.0
0.058,20,0.9
0.058,20,0.9666666666666667
0.058,20,1.0
0.058,20,0.9666666666666667
0.058,20,1.0
0.058,20,0.9333333333333333
0.058,20,1.0
0.058,20,0.9666666666666667
0.058,20,0.9333333333333333
0.058,20,0.9666666666666667
0.058,20,0.9666666666666667
0.058,20,1.0
0.058,20,1.0
0.058,20,1.0
0.058,20,1.0
0.058,20,1.0
0.058,20,0.9
0.058,20,1.0
0.058,20,1.0
0.058,20,1.0
0.058,20,0.7666666666666667
0.058,20,1.0
0.058,20,0.9666666666666667
0.058,20,1.0
0.058,20,1.0
0.058,20,0.9333333333333333
0.058,20,1.0
0.058,20,1.0
0.058,20,0.9666666666666667
0.058,20,1.0
0.058,20,0.9666666666666667
0.058,20,0.9666666666666667
0.058,20,0.9333333333333333
0.058,20,1.0
0.058,20,0.9666666666666667
0.058,20,1.0
0.058,20,0.9666666666666667
0.058,20,1.0
0.058,20,0.9333333333333333
0.058,20,0.9666666666666667
0.058,20,1.0
0.058,20,1.0
0.058,20,0.9666666666666667
0.058,20,0.9666666666666667
0.058,20,0.9333333333333333
0.058,20,1.0
0.058,20,0.9333333333333333
0.058,20,0.9333333333333333
0.058,20,0.9666666666666667
0.058,20,0.9666666666666667
0.058,20,0.9
0.058,20,1.0
0.058,20,0.9666666666666667
0.058,20,1.0
0.058,20,0.9333333333333333
0.058,20,1.0
0.058,20,0.9666666666666667
0.058,20,0.9666666666666667
0.058,20,0.9666666666666667
0.058,20,1.0
0.058,20,0.9666666666666667
0.058,20,1.0
0.058,20,0.9666666666666667
0.058,20,0.9666666666666667
0.058,20,1.0
0.058,20,1.0
0.058,20,0.9666666666666667
0.058,20,0.9666666666666667
0.058,20,1.0
0.058,20,0.9666666666666667
0.058,20,0.9666666666666667
0.058,20,0.9333333333333333
0.058,20,0.9666666666666667
0.058,20,1.0
0.058,20,0.9666666666666667
0.058,20,0.9333333333333333
0.058,20,1.0
0.058,20,0.9666666666666667
0.058,20,0.9666666666666667
0.058,20,1.0
0.058,20,0.9333333333333333
0.058,20,1.0
0.058,20,1.0
0.058,30,1.0
0.058,30,1.0
0.058,30,0.9
0.058,30,1.0
0.058,30,0.9666666666666667
0.058,30,1.0
0.058,30,0.9666666666666667
0.058,30,1.0
0.058,30,0.9666666666666667
0.058,30,0.9666666666666667
0.058,30,0.9333333333333333
0.058,30,0.9666666666666667
0.058,30,1.0
0.058,30,0.9666666666666667
0.058,30,1.0
0.058,30,0.9666666666666667
0.058,30,0.9666666666666667
0.058,30,1.0
0.058,30,0.9666666666666667
0.058,30,1.0
0.058,30,1.0
0.058,30,0.9666666666666667
0.058,30,0.9666666666666667
0.058,30,1.0
0.058,30,0.9666666666666667
0.058,30,0.9666666666666667
0.058,30,1.0
0.058,30,1.0
0.058,30,0.9333333333333333
0.058,30,0.9666666666666667
0.058,30,0.9666666666666667
0.058,30,0.9666666666666667
0.058,30,0.9
0.058,30,1.0
0.058,30,1.0
0.058,30,0.9666666666666667
0.058,30,0.9
0.058,30,0.9666666666666667
0.058,30,0.9666666666666667
0.058,30,1.0
0.058,30,0.9666666666666667
0.058,30,0.9666666666666667
0.058,30,1.0
0.058,30,1.0
0.058,30,0.9666666666666667
0.058,30,1.0
0.058,30,0.9666666666666667
0.058,30,1.0
0.058,30,0.9666666666666667
0.058,30,1.0
0.058,30,0.9333333333333333
0.058,30,0.9666666666666667
0.058,30,1.0
0.058,30,1.0
0.058,30,1.0
0.058,30,0.9666666666666667
0.058,30,0.9666666666666667
0.058,30,0.9
0.058,30,0.9666666666666667
0.058,30,1.0
0.058,30,0.9
0.058,30,1.0
0.058,30,1.0
0.058,30,1.0
0.058,30,1.0
0.058,30,1.0
0.058,30,0.9666666666666667
0.058,30,0.9333333333333333
0.058,30,1.0
0.058,30,0.9
0.058,30,0.9666666666666667
0.058,30,0.9666666666666667
0.058,30,1.0
0.058,30,0.9666666666666667
0.058,30,0.9666666666666667
0.058,30,0.9333333333333333
0.058,30,0.9666666666666667
0.058,30,0.9666666666666667
0.058,30,0.9666666666666667
0.058,30,1.0
0.058,30,1.0
0.058,30,1.0
0.058,30,0.9666666666666667
0.058,30,1.0
0.058,30,1.0
0.058,30,1.0
0.058,30,0.9666666666666667
0.058,30,1.0
0.058,30,0.9666666666666667
0.058,30,0.9666666666666667
0.058,30,0.9333333333333333
0.058,30,0.9666666666666667
0.058,30,0.9333333333333333
0.058,30,0.9666666666666667
0.058,30,0.9666666666666667
0.058,30,0.9666666666666667
0.058,30,0.9666666666666667
0.058,30,1.0
0.058,30,1.0
0.058,30,1.0
0.058,40,1.0
0.058,40,1.0
0.058,40,1.0
0.058,40,1.0
0.058,40,1.0
0.058,40,0.9666666666666667
0.058,40,0.9666666666666667
0.058,40,1.0
0.058,40,0.9666666666666667
0.058,40,1.0
0.058,40,0.9666666666666667
0.058,40,0.9666666666666667
0.058,40,0.9666666666666667
0.058,40,1.0
0.058,40,0.9666666666666667
0.058,40,0.9666666666666667
0.058,40,0.9333333333333333
0.058,40,0.8666666666666667
0.058,40,0.9666666666666667
0.058,40,0.9666666666666667
0.058,40,0.9666666666666667
0.058,40,1.0
0.058,40,1.0
0.058,40,1.0
0.058,40,0.9666666666666667
0.058,40,1.0
0.058,40,1.0
0.058,40,1.0
0.058,40,0.9666666666666667
0.058,40,0.9
0.058,40,1.0
0.058,40,0.9666666666666667
0.058,40,0.9666666666666667
0.058,40,0.9666666666666667
0.058,40,1.0
0.058,40,1.0
0.058,40,0.9666666666666667
0.058,40,0.9666666666666667
0.058,40,0.9666666666666667
0.058,40,1.0
0.058,40,0.9333333333333333
0.058,40,1.0
0.058,40,0.9666666666666667
0.058,40,0.9666666666666667
0.058,40,0.9666666666666667
0.058,40,1.0
0.058,40,0.9666666666666667
0.058,40,1.0
0.058,40,1.0
0.058,40,1.0
0.058,40,1.0
0.058,40,0.9666666666666667
0.058,40,0.9333333333333333
0.058,40,1.0
0.058,40,1.0
0.058,40,1.0
0.058,40,0.9666666666666667
0.058,40,0.9
0.058,40,0.9666666666666667
0.058,40,1.0
0.058,40,0.9666666666666667
0.058,40,1.0
0.058,40,0.9666666666666667
0.058,40,1.0
0.058,40,0.9666666666666667
0.058,40,0.9333333333333333
0.058,40,1.0
0.058,40,1.0
0.058,40,0.9666666666666667
0.058,40,0.8333333333333334
0.058,40,0.9666666666666667
0.058,40,0.9666666666666667
0.058,40,0.9333333333333333
0.058,40,1.0
0.058,40,1.0
0.058,40,1.0
0.058,40,1.0
0.058,40,1.0
0.058,40,1.0
0.058,40,0.9666666666666667
0.058,40,0.9666666666666667
0.058,40,0.9333333333333333
0.058,40,0.9666666666666667
0.058,40,0.9666666666666667
0.058,40,0.9666666666666667
0.058,40,0.9666666666666667
0.058,40,0.9333333333333333
0.058,40,1.0
0.058,40,0.9666666666666667
0.058,40,0.9333333333333333
0.058,40,1.0
0.058,40,0.9666666666666667
0.058,40,1.0
0.058,40,1.0
0.058,40,0.9666666666666667
0.058,40,0.9666666666666667
0.058,40,1.0
0.058,40,0.9666666666666667
0.058,40,0.9666666666666667
0.058,40,0.9666666666666667
0.058,50,0.9
0.058,50,0.9666666666666667
0.058,50,1.0
0.058,50,0.9666666666666667
0.058,50,1.0
0.058,50,1.0
0.058,50,1.0
0.058,50,1.0
0.058,50,0.9333333333333333
0.058,50,1.0
0.058,50,1.0
0.058,50,1.0
0.058,50,0.9666666666666667
0.058,50,0.9666666666666667
0.058,50,0.9666666666666667
0.058,50,1.0
0.058,50,0.9666666666666667
0.058,50,0.9666666666666667
0.058,50,1.0
0.058,50,0.9666666666666667
0.058,50,1.0
0.058,50,1.0
0.058,50,0.9333333333333333
0.058,50,1.0
0.058,50,0.9333333333333333
0.058,50,0.9
0.058,50,0.9666666666666667
0.058,50,0.9666666666666667
0.058,50,1.0
0.058,50,0.9666666666666667
0.058,50,0.9666666666666667
0.058,50,0.9666666666666667
0.058,50,0.9666666666666667
0.058,50,1.0
0.058,50,1.0
0.058,50,1.0
0.058,50,1.0
0.058,50,1.0
0.058,50,0.9666666666666667
0.058,50,0.9666666666666667
0.058,50,0.9333333333333333
0.058,50,1.0
0.058,50,1.0
0.058,50,0.9666666666666667
0.058,50,1.0
0.058,50,1.0
0.058,50,1.0
0.058,50,1.0
0.058,50,1.0
0.058,50,0.9666666666666667
0.058,50,0.9666666666666667
0.058,50,1.0
0.058,50,1.0
0.058,50,1.0
0.058,50,1.0
0.058,50,1.0
0.058,50,1.0
0.058,50,0.9666666666666667
0.058,50,1.0
0.058,50,1.0
0.058,50,1.0
0.058,50,0.9666666666666667
0.058,50,1.0
0.058,50,1.0
0.058,50,0.9
0.058,50,1.0
0.058,50,0.9666666666666667
0.058,50,0.9666666666666667
0.058,50,0.9666666666666667
0.058,50,0.9333333333333333
0.058,50,0.9666666666666667
0.058,50,0.9666666666666667
0.058,50,1.0
0.058,50,0.9666666666666667
0.058,50,0.9333333333333333
0.058,50,0.9666666666666667
0.058,50,1.0
0.058,50,1.0
0.058,50,1.0
0.058,50,1.0
0.058,50,0.8666666666666667
0.058,50,0.9333333333333333
0.058,50,1.0
0.058,50,0.9666666666666667
0.058,50,1.0
0.058,50,1.0
0.058,50,1.0
0.058,50,1.0
0.058,50,0.9666666666666667
0.058,50,1.0
0.058,50,1.0
0.058,50,0.9666666666666667
0.058,50,1.0
0.058,50,1.0
0.058,50,1.0
0.058,50,0.9666666666666667
0.058,50,1.0
0.058,50,0.9666666666666667
0.058,50,1.0
0.058,50,0.9666666666666667
0.058,60,0.9666666666666667
0.058,60,1.0
0.058,60,0.9666666666666667
0.058,60,1.0
0.058,60,1.0
0.058,60,1.0
0.058,60,0.9666666666666667
0.058,60,0.9666666666666667
0.058,60,0.9333333333333333
0.058,60,1.0
0.058,60,1.0
0.058,60,0.9666666666666667
0.058,60,1.0
0.058,60,1.0
0.058,60,0.9333333333333333
0.058,60,1.0
0.058,60,1.0
0.058,60,0.9666666666666667
0.058,60,0.9666666666666667
0.058,60,0.9666666666666667
0.058,60,1.0
0.058,60,0.9666666666666667
0.058,60,1.0
0.058,60,0.9666666666666667
0.058,60,1.0
0.058,60,0.8333333333333334
0.058,60,0.9666666666666667
0.058,60,0.9666666666666667
0.058,60,0.9666666666666667
0.058,60,0.9666666666666667
0.058,60,1.0
0.058,60,0.9333333333333333
0.058,60,0.9666666666666667
0.058,60,1.0
0.058,60,1.0
0.058,60,0.9666666666666667
0.058,60,1.0
0.058,60,0.9666666666666667
0.058,60,0.9666666666666667
0.058,60,0.9666666666666667
0.058,60,0.9666666666666667
0.058,60,1.0
0.058,60,0.9333333333333333
0.058,60,0.9666666666666667
0.058,60,0.9666666666666667
0.058,60,0.9666666666666667
0.058,60,1.0
0.058,60,1.0
0.058,60,0.9333333333333333
0.058,60,0.9666666666666667
0.058,60,1.0
0.058,60,1.0
0.058,60,1.0
0.058,60,0.9333333333333333
0.058,60,1.0
0.058,60,1.0
0.058,60,1.0
0.058,60,0.9333333333333333
0.058,60,0.9666666666666667
0.058,60,0.9333333333333333
0.058,60,0.9666666666666667
0.058,60,1.0
0.058,60,1.0
0.058,60,1.0
0.058,60,1.0
0.058,60,1.0
0.058,60,0.9666666666666667
0.058,60,0.9333333333333333
0.058,60,0.9666666666666667
0.058,60,1.0
0.058,60,1.0
0.058,60,1.0
0.058,60,0.9333333333333333
0.058,60,1.0
0.058,60,1.0
0.058,60,0.9666666666666667
0.058,60,0.9666666666666667
0.058,60,0.9666666666666667
0.058,60,0.9666666666666667
0.058,60,1.0
0.058,60,0.9333333333333333
0.058,60,0.9666666666666667
0.058,60,1.0
0.058,60,0.9333333333333333
0.058,60,1.0
0.058,60,0.9666666666666667
0.058,60,1.0
0.058,60,1.0
0.058,60,1.0
0.058,60,1.0
0.058,60,0.9
0.058,60,1.0
0.058,60,0.9333333333333333
0.058,60,1.0
0.058,60,0.9666666666666667
0.058,60,1.0
0.058,60,1.0
0.058,60,0.9666666666666667
0.058,60,1.0
0.058,60,0.9666666666666667
0.058,70,1.0
0.058,70,1.0
0.058,70,1.0
0.058,70,1.0
0.058,70,1.0
0.058,70,1.0
0.058,70,1.0
0.058,70,1.0
0.058,70,0.9666666666666667
0.058,70,0.9666666666666667
0.058,70,1.0
0.058,70,1.0
0.058,70,1.0
0.058,70,1.0
0.058,70,0.9666666666666667
0.058,70,0.9666666666666667
0.058,70,0.9666666666666667
0.058,70,0.9666666666666667
0.058,70,0.9333333333333333
0.058,70,0.9666666666666667
0.058,70,0.9666666666666667
0.058,70,1.0
0.058,70,0.9333333333333333
0.058,70,0.9666666666666667
0.058,70,1.0
0.058,70,0.9333333333333333
0.058,70,1.0
0.058,70,0.9666666666666667
0.058,70,0.9666666666666667
0.058,70,1.0
0.058,70,0.9666666666666667
0.058,70,1.0
0.058,70,1.0
0.058,70,1.0
0.058,70,1.0
0.058,70,0.9666666666666667
0.058,70,1.0
0.058,70,1.0
0.058,70,1.0
0.058,70,1.0
0.058,70,1.0
0.058,70,0.9666666666666667
0.058,70,0.8666666666666667
0.058,70,1.0
0.058,70,0.9666666666666667
0.058,70,1.0
0.058,70,1.0
0.058,70,1.0
0.058,70,0.9666666666666667
0.058,70,0.9333333333333333
0.058,70,1.0
0.058,70,0.9333333333333333
0.058,70,0.9666666666666667
0.058,70,0.9333333333333333
0.058,70,1.0
0.058,70,1.0
0.058,70,0.9333333333333333
0.058,70,0.9
0.058,70,1.0
0.058,70,0.9666666666666667
0.058,70,1.0
0.058,70,0.9333333333333333
0.058,70,1.0
0.058,70,1.0
0.058,70,1.0
0.058,70,1.0
0.058,70,1.0
0.058,70,1.0
0.058,70,0.9666666666666667
0.058,70,0.9666666666666667
0.058,70,1.0
0.058,70,1.0
0.058,70,1.0
0.058,70,1.0
0.058,70,1.0
0.058,70,1.0
0.058,70,0.9666666666666667
0.058,70,0.9333333333333333
0.058,70,0.9333333333333333
0.058,70,0.9666666666666667
0.058,70,1.0
0.058,70,1.0
0.058,70,1.0
0.058,70,0.9333333333333333
0.058,70,0.9666666666666667
0.058,70,0.9666666666666667
0.058,70,1.0
0.058,70,0.9333333333333333
0.058,70,1.0
0.058,70,0.9666666666666667
0.058,70,1.0
0.058,70,1.0
0.058,70,0.9666666666666667
0.058,70,1.0
0.058,70,1.0
0.058,70,0.9666666666666667
0.058,70,1.0
0.058,70,1.0
0.058,70,0.9666666666666667
0.058,70,0.9
0.058,80,1.0
0.058,80,0.9666666666666667
0.058,80,1.0
0.058,80,1.0
0.058,80,0.9666666666666667
0.058,80,1.0
0.058,80,0.9666666666666667
0.058,80,1.0
0.058,80,1.0
0.058,80,1.0
0.058,80,1.0
0.058,80,1.0
0.058,80,1.0
0.058,80,1.0
0.058,80,0.9333333333333333
0.058,80,0.9333333333333333
0.058,80,0.9666666666666667
0.058,80,1.0
0.058,80,0.9666666666666667
0.058,80,1.0
0.058,80,1.0
0.058,80,1.0
0.058,80,1.0
0.058,80,0.9666666666666667
0.058,80,0.9666666666666667
0.058,80,0.9333333333333333
0.058,80,1.0
0.058,80,1.0
0.058,80,0.9666666666666667
0.058,80,1.0
0.058,80,0.9333333333333333
0.058,80,0.9666666666666667
0.058,80,1.0
0.058,80,1.0
0.058,80,0.9666666666666667
0.058,80,0.9666666666666667
0.058,80,1.0
0.058,80,0.9666666666666667
0.058,80,1.0
0.058,80,1.0
0.058,80,1.0
0.058,80,1.0
0.058,80,0.9333333333333333
0.058,80,0.9666666666666667
0.058,80,1.0
0.058,80,1.0
0.058,80,1.0
0.058,80,1.0
0.058,80,0.9333333333333333
0.058,80,0.9666666666666667
0.058,80,1.0
0.058,80,1.0
0.058,80,1.0
0.058,80,1.0
0.058,80,1.0
0.058,80,0.9666666666666667
0.058,80,0.9666666666666667
0.058,80,0.9666666666666667
0.058,80,1.0
0.058,80,0.9666666666666667
0.058,80,0.9666666666666667
0.058,80,0.9666666666666667
0.058,80,0.9666666666666667
0.058,80,1.0
0.058,80,0.9333333333333333
0.058,80,1.0
0.058,80,1.0
0.058,80,0.9666666666666667
0.058,80,0.9333333333333333
0.058,80,1.0
0.058,80,0.9333333333333333
0.058,80,0.9666666666666667
0.058,80,1.0
0.058,80,1.0
0.058,80,0.9666666666666667
0.058,80,1.0
0.058,80,0.9333333333333333
0.058,80,0.8333333333333334
0.058,80,0.9666666666666667
0.058,80,1.0
0.058,80,0.9666666666666667
0.058,80,0.9333333333333333
0.058,80,1.0
0.058,80,0.9333333333333333
0.058,80,0.9666666666666667
0.058,80,0.9333333333333333
0.058,80,1.0
0.058,80,0.9666666666666667
0.058,80,0.9333333333333333
0.058,80,1.0
0.058,80,1.0
0.058,80,0.9666666666666667
0.058,80,0.9666666666666667
0.058,80,0.9666666666666667
0.058,80,0.9666666666666667
0.058,80,0.9333333333333333
0.058,80,1.0
0.058,80,1.0
0.058,80,0.9333333333333333
0.058,80,0.9666666666666667
0.058,90,0.9666666666666667
0.058,90,0.9
0.058,90,1.0
0.058,90,0.9333333333333333
0.058,90,0.9666666666666667
0.058,90,1.0
0.058,90,1.0
0.058,90,1.0
0.058,90,0.9666666666666667
0.058,90,1.0
0.058,90,1.0
0.058,90,1.0
0.058,90,0.9666666666666667
0.058,90,0.9666666666666667
0.058,90,0.9
0.058,90,1.0
0.058,90,0.9666666666666667
0.058,90,1.0
0.058,90,1.0
0.058,90,0.9666666666666667
0.058,90,1.0
0.058,90,1.0
0.058,90,0.9666666666666667
0.058,90,1.0
0.058,90,0.9666666666666667
0.058,90,1.0
0.058,90,1.0
0.058,90,1.0
0.058,90,1.0
0.058,90,1.0
0.058,90,1.0
0.058,90,0.9666666666666667
0.058,90,1.0
0.058,90,1.0
0.058,90,1.0
0.058,90,0.9666666666666667
0.058,90,1.0
0.058,90,0.9666666666666667
0.058,90,0.9666666666666667
0.058,90,0.9666666666666667
0.058,90,1.0
0.058,90,0.9666666666666667
0.058,90,0.9666666666666667
0.058,90,0.9666666666666667
0.058,90,1.0
0.058,90,1.0
0.058,90,0.9666666666666667
0.058,90,0.9666666666666667
0.058,90,0.9666666666666667
0.058,90,0.9666666666666667
0.058,90,1.0
0.058,90,1.0
0.058,90,0.9333333333333333
0.058,90,1.0
0.058,90,1.0
0.058,90,0.9666666666666667
0.058,90,0.9333333333333333
0.058,90,0.9666666666666667
0.058,90,1.0
0.058,90,0.9666666666666667
0.058,90,1.0
0.058,90,0.9666666666666667
0.058,90,0.9333333333333333
0.058,90,0.9666666666666667
0.058,90,0.9666666666666667
0.058,90,1.0
0.058,90,1.0
0.058,90,0.9666666666666667
0.058,90,0.9666666666666667
0.058,90,1.0
0.058,90,0.9333333333333333
0.058,90,0.9666666666666667
0.058,90,0.9666666666666667
0.058,90,0.9666666666666667
0.058,90,0.9666666666666667
0.058,90,0.9666666666666667
0.058,90,1.0
0.058,90,1.0
0.058,90,0.9333333333333333
0.058,90,1.0
0.058,90,0.9666666666666667
0.058,90,0.9666666666666667
0.058,90,1.0
0.058,90,0.9666666666666667
0.058,90,0.9333333333333333
0.058,90,0.9666666666666667
0.058,90,1.0
0.058,90,0.9666666666666667
0.058,90,0.9666666666666667
0.058,90,1.0
0.058,90,1.0
0.058,90,1.0
0.058,90,0.9333333333333333
0.058,90,0.9333333333333333
0.058,90,1.0
0.058,90,0.9666666666666667
0.058,90,1.0
0.058,90,1.0
0.058,90,1.0
0.058,90,0.9666666666666667
0.078,10,0.9
0.078,10,0.9666666666666667
0.078,10,0.9
0.078,10,1.0
0.078,10,0.9666666666666667
0.078,10,0.9666666666666667
0.078,10,0.9333333333333333
0.078,10,0.7333333333333333
0.078,10,1.0
0.078,10,1.0
0.078,10,0.9
0.078,10,0.9333333333333333
0.078,10,1.0
0.078,10,0.8666666666666667
0.078,10,0.9
0.078,10,0.9666666666666667
0.078,10,0.9666666666666667
0.078,10,0.8333333333333334
0.078,10,0.9
0.078,10,0.8666666666666667
0.078,10,0.7
0.078,10,0.9
0.078,10,0.9333333333333333
0.078,10,0.8333333333333334
0.078,10,0.8666666666666667
0.078,10,0.8333333333333334
0.078,10,0.9666666666666667
0.078,10,0.9666666666666667
0.078,10,0.9666666666666667
0.078,10,1.0
0.078,10,0.9666666666666667
0.078,10,0.8666666666666667
0.078,10,0.9
0.078,10,0.9333333333333333
0.078,10,0.8666666666666667
0.078,10,0.9666666666666667
0.078,10,0.9333333333333333
0.078,10,0.9333333333333333
0.078,10,0.9666666666666667
0.078,10,1.0
0.078,10,0.8333333333333334
0.078,10,0.9333333333333333
0.078,10,0.8
0.078,10,0.9666666666666667
0.078,10,0.9333333333333333
0.078,10,0.8333333333333334
0.078,10,0.9666666666666667
0.078,10,0.6333333333333333
0.078,10,0.8666666666666667
0.078,10,0.9333333333333333
0.078,10,0.9333333333333333
0.078,10,0.9333333333333333
0.078,10,0.9
0.078,10,0.9333333333333333
0.078,10,0.9333333333333333
0.078,10,0.9666666666666667
0.078,10,0.9
0.078,10,0.9
0.078,10,1.0
0.078,10,0.8333333333333334
0.078,10,1.0
0.078,10,0.9
0.078,10,0.6333333333333333
0.078,10,0.8666666666666667
0.078,10,0.9666666666666667
0.078,10,0.9
0.078,10,0.9
0.078,10,0.9
0.078,10,0.8333333333333334
0.078,10,0.8333333333333334
0.078,10,0.8666666666666667
0.078,10,0.9666666666666667
0.078,10,0.9666666666666667
0.078,10,0.9
0.078,10,1.0
0.078,10,0.8666666666666667
0.078,10,0.9666666666666667
0.078,10,0.9333333333333333
0.078,10,0.8666666666666667
0.078,10,0.8
0.078,10,0.9666666666666667
0.078,10,0.9
0.078,10,0.9333333333333333
0.078,10,0.9666666666666667
0.078,10,0.8666666666666667
0.078,10,1.0
0.078,10,0.9333333333333333
0.078,10,0.9333333333333333
0.078,10,0.7333333333333333
0.078,10,0.8666666666666667
0.078,10,0.8
0.078,10,0.9666666666666667
0.078,10,0.8333333333333334
0.078,10,0.8666666666666667
0.078,10,0.9666666666666667
0.078,10,0.9333333333333333
0.078,10,0.9
0.078,10,0.9666666666666667
0.078,10,0.9333333333333333
0.078,10,1.0
0.078,20,0.9333333333333333
0.078,20,0.9333333333333333
0.078,20,0.9666666666666667
0.078,20,0.9333333333333333
0.078,20,0.9
0.078,20,1.0
0.078,20,0.9333333333333333
0.078,20,0.9666666666666667
0.078,20,0.9333333333333333
0.078,20,1.0
0.078,20,1.0
0.078,20,0.9
0.078,20,0.9333333333333333
0.078,20,0.9333333333333333
0.078,20,0.8666666666666667
0.078,20,0.9
0.078,20,0.9666666666666667
0.078,20,0.8666666666666667
0.078,20,0.9666666666666667
0.078,20,0.9666666666666667
0.078,20,0.9
0.078,20,0.9666666666666667
0.078,20,0.9
0.078,20,0.9666666666666667
0.078,20,0.9333333333333333
0.078,20,0.8666666666666667
0.078,20,0.9333333333333333
0.078,20,0.9
0.078,20,1.0
0.078,20,0.9333333333333333
0.078,20,0.9333333333333333
0.078,20,0.9333333333333333
0.078,20,0.9333333333333333
0.078,20,0.8666666666666667
0.078,20,1.0
0.078,20,0.9333333333333333
0.078,20,0.9333333333333333
0.078,20,0.7666666666666667
0.078,20,0.9666666666666667
0.078,20,0.9666666666666667
0.078,20,0.9666666666666667
0.078,20,0.9666666666666667
0.078,20,0.9
0.078,20,1.0
0.078,20,0.9666666666666667
0.078,20,0.9333333333333333
0.078,20,0.9666666666666667
0.078,20,0.9666666666666667
0.078,20,0.9333333333333333
0.078,20,0.8666666666666667
0.078,20,1.0
0.078,20,0.9333333333333333
0.078,20,1.0
0.078,20,0.9333333333333333
0.078,20,0.8
0.078,20,0.9
0.078,20,0.9333333333333333
0.078,20,0.9666666666666667
0.078,20,0.9666666666666667
0.078,20,0.9333333333333333
0.078,20,0.9
0.078,20,0.9
0.078,20,0.9666666666666667
0.078,20,0.9
0.078,20,0.8666666666666667
0.078,20,0.9333333333333333
0.078,20,0.9333333333333333
0.078,20,0.8
0.078,20,1.0
0.078,20,0.9333333333333333
0.078,20,0.8666666666666667
0.078,20,0.9333333333333333
0.078,20,1.0
0.078,20,0.9333333333333333
0.078,20,0.9
0.078,20,0.9333333333333333
0.078,20,0.9333333333333333
0.078,20,0.9666666666666667
0.078,20,0.9
0.078,20,0.9666666666666667
0.078,20,0.9333333333333333
0.078,20,0.9666666666666667
0.078,20,0.9
0.078,20,0.9333333333333333
0.078,20,0.9666666666666667
0.078,20,0.9666666666666667
0.078,20,0.9666666666666667
0.078,20,0.8666666666666667
0.078,20,0.9333333333333333
0.078,20,0.9
0.078,20,0.9666666666666667
0.078,20,0.9333333333333333
0.078,20,0.8666666666666667
0.078,20,0.9
0.078,20,0.9666666666666667
0.078,20,0.9
0.078,20,0.8666666666666667
0.078,20,0.9333333333333333
0.078,20,0.9666666666666667
0.078,20,0.9666666666666667
0.078,30,1.0
0.078,30,1.0
0.078,30,0.8666666666666667
0.078,30,0.9666666666666667
0.078,30,0.9666666666666667
0.078,30,1.0
0.078,30,0.9666666666666667
0.078,30,0.9
0.078,30,0.9
0.078,30,0.9666666666666667
0.078,30,0.9333333333333333
0.078,30,0.8666666666666667
0.078,30,0.9333333333333333
0.078,30,0.9333333333333333
0.078,30,0.9666666666666667
0.078,30,0.9333333333333333
0.078,30,0.9333333333333333
0.078,30,0.9
0.078,30,0.9333333333333333
0.078,30,0.9333333333333333
0.078,30,0.9333333333333333
0.078,30,0.9333333333333333
0.078,30,0.9666666666666667
0.078,30,1.0
0.078,30,0.9333333333333333
0.078,30,0.9666666666666667
0.078,30,0.9333333333333333
0.078,30,0.9
0.078,30,0.9
0.078,30,0.9333333333333333
0.078,30,0.9333333333333333
0.078,30,0.9666666666666667
0.078,30,0.8666666666666667
0.078,30,0.9666666666666667
0.078,30,0.9666666666666667
0.078,30,0.9333333333333333
0.078,30,0.8666666666666667
0.078,30,0.9333333333333333
0.078,30,0.9333333333333333
0.078,30,1.0
0.078,30,0.9666666666666667
0.078,30,0.9
0.078,30,0.9666666666666667
0.078,30,0.9666666666666667
0.078,30,0.9666666666666667
0.078,30,1.0
0.078,30,0.9333333333333333
0.078,30,0.9666666666666667
0.078,30,0.9666666666666667
0.078,30,0.9333333333333333
0.078,30,0.9
0.078,30,0.9333333333333333
0.078,30,0.9666666666666667
0.078,30,1.0
0.078,30,1.0
0.078,30,0.9666666666666667
0.078,30,0.9666666666666667
0.078,30,0.9
0.078,30,0.9
0.078,30,1.0
0.078,30,0.8666666666666667
0.078,30,0.9666666666666667
0.078,30,0.9666666666666667
0.078,30,0.9666666666666667
0.078,30,0.9666666666666667
0.078,30,1.0
0.078,30,0.9333333333333333
0.078,30,0.9
0.078,30,0.9666666666666667
0.078,30,0.9
0.078,30,0.9
0.078,30,0.9333333333333333
0.078,30,1.0
0.078,30,0.9333333333333333
0.078,30,0.9
0.078,30,0.9333333333333333
0.078,30,0.9666666666666667
0.078,30,0.9333333333333333
0.078,30,0.9666666666666667
0.078,30,1.0
0.078,30,1.0
0.078,30,0.9
0.078,30,0.9333333333333333
0.078,30,0.9333333333333333
0.078,30,1.0
0.078,30,0.8666666666666667
0.078,30,0.9333333333333333
0.078,30,0.9333333333333333
0.078,30,0.9333333333333333
0.078,30,0.9333333333333333
0.078,30,0.9333333333333333
0.078,30,0.9666666666666667
0.078,30,0.8666666666666667
0.078,30,0.9333333333333333
0.078,30,0.9333333333333333
0.078,30,0.9
0.078,30,0.9333333333333333
0.078,30,0.9333333333333333
0.078,30,0.9333333333333333
0.078,30,1.0
0.078,40,0.9666666666666667
0.078,40,0.9666666666666667
0.078,40,0.9666666666666667
0.078,40,0.9666666666666667
0.078,40,1.0
0.078,40,0.9333333333333333
0.078,40,0.8666666666666667
0.078,40,1.0
0.078,40,0.9
0.078,40,1.0
0.078,40,0.9
0.078,40,0.9666666666666667
0.078,40,0.9333333333333333
0.078,40,0.9666666666666667
0.078,40,0.9
0.078,40,0.9333333333333333
0.078,40,0.9333333333333333
0.078,40,0.8333333333333334
0.078,40,0.9333333333333333
0.078,40,0.8333333333333334
0.078,40,0.9333333333333333
0.078,40,0.9666666666666667
0.078,40,0.9666666666666667
0.078,40,1.0
0.078,40,0.8666666666666667
0.078,40,0.9
0.078,40,0.9666666666666667
0.078,40,0.9666666666666667
0.078,40,0.9666666666666667
0.078,40,0.9
0.078,40,0.9333333333333333
0.078,40,0.9666666666666667
0.078,40,0.9333333333333333
0.078,40,0.9333333333333333
0.078,40,1.0
0.078,40,1.0
0.078,40,0.9333333333333333
0.078,40,0.9333333333333333
0.078,40,0.9333333333333333
0.078,40,0.9666666666666667
0.078,40,0.9333333333333333
0.078,40,0.9666666666666667
0.078,40,0.8666666666666667
0.078,40,0.9666666666666667
0.078,40,0.9666666666666667
0.078,40,1.0
0.078,40,0.9666666666666667
0.078,40,0.9666666666666667
0.078,40,0.9333333333333333
0.078,40,0.9666666666666667
0.078,40,1.0
0.078,40,0.9666666666666667
0.078,40,0.9
0.078,40,0.9666666666666667
0.078,40,0.9666666666666667
0.078,40,1.0
0.078,40,0.9666666666666667
0.078,40,0.9
0.078,40,0.9
0.078,40,1.0
0.078,40,0.9666666666666667
0.078,40,0.9666666666666667
0.078,40,0.8666666666666667
0.078,40,1.0
0.078,40,0.9333333333333333
0.078,40,0.9
0.078,40,1.0
0.078,40,0.9666666666666667
0.078,40,0.9
0.078,40,0.8333333333333334
0.078,40,0.9666666666666667
0.078,40,0.8666666666666667
0.078,40,0.9
0.078,40,0.9666666666666667
0.078,40,0.9666666666666667
0.078,40,0.9666666666666667
0.078,40,1.0
0.078,40,1.0
0.078,40,1.0
0.078,40,0.9333333333333333
0.078,40,0.9666666666666667
0.078,40,0.9
0.078,40,0.9
0.078,40,0.9666666666666667
0.078,40,0.9333333333333333
0.078,40,0.8333333333333334
0.078,40,0.9333333333333333
0.078,40,0.9
0.078,40,0.9333333333333333
0.078,40,0.9333333333333333
0.078,40,0.9333333333333333
0.078,40,0.9333333333333333
0.078,40,0.9666666666666667
0.078,40,0.9666666666666667
0.078,40,0.9333333333333333
0.078,40,0.9333333333333333
0.078,40,1.0
0.078,40,0.9666666666666667
0.078,40,0.9666666666666667
0.078,40,0.9666666666666667
0.078,50,0.9
0.078,50,0.9
0.078,50,0.9666666666666667
0.078,50,0.8666666666666667
0.078,50,0.9666666666666667
0.078,50,0.9333333333333333
0.078,50,1.0
0.078,50,0.9333333333333333
0.078,50,0.8333333333333334
0.078,50,0.9666666666666667
0.078,50,0.9666666666666667
0.078,50,0.9666666666666667
0.078,50,0.9666666666666667
0.078,50,0.9333333333333333
0.078,50,0.9666666666666667
0.078,50,1.0
0.078,50,0.9666666666666667
0.078,50,0.9333333333333333
0.078,50,0.9666666666666667
0.078,50,0.9333333333333333
0.078,50,0.9333333333333333
0.078,50,1.0
0.078,50,0.8666666666666667
0.078,50,1.0
0.078,50,0.9
0.078,50,0.8666666666666667
0.078,50,0.9
0.078,50,0.9666666666666667
0.078,50,1.0
0.078,50,0.9666666666666667
0.078,50,0.8666666666666667
0.078,50,0.9333333333333333
0.078,50,0.9666666666666667
0.078,50,0.9666666666666667
0.078,50,0.9333333333333333
0.078,50,0.9333333333333333
0.078,50,0.9666666666666667
0.078,50,0.9666666666666667
0.078,50,0.9333333333333333
0.078,50,0.9
0.078,50,0.9333333333333333
0.078,50,1.0
0.078,50,0.9666666666666667
0.078,50,0.9666666666666667
0.078,50,0.9333333333333333
0.078,50,0.9333333333333333
0.078,50,0.9666666666666667
0.078,50,0.9333333333333333
0.078,50,1.0
0.078,50,0.9666666666666667
0.078,50,0.9333333333333333
0.078,50,0.9666666666666667
0.078,50,0.9
0.078,50,1.0
0.078,50,0.9666666666666667
0.078,50,1.0
0.078,50,0.9666666666666667
0.078,50,0.9666666666666667
0.078,50,0.9666666666666667
0.078,50,1.0
0.078,50,1.0
0.078,50,0.9666666666666667
0.078,50,1.0
0.078,50,1.0
0.078,50,0.8333333333333334
0.078,50,0.9333333333333333
0.078,50,0.9666666666666667
0.078,50,0.9666666666666667
0.078,50,0.9
0.078,50,0.8666666666666667
0.078,50,0.8666666666666667
0.078,50,0.9333333333333333
0.078,50,1.0
0.078,50,0.9666666666666667
0.078,50,0.9
0.078,50,0.9333333333333333
0.078,50,1.0
0.078,50,0.9333333333333333
0.078,50,0.9666666666666667
0.078,50,0.9
0.078,50,0.8666666666666667
0.078,50,0.8666666666666667
0.078,50,0.8666666666666667
0.078,50,0.9333333333333333
0.078,50,0.9
0.078,50,0.9
0.078,50,0.9666666666666667
0.078,50,0.9666666666666667
0.078,50,0.9666666666666667
0.078,50,0.9666666666666667
0.078,50,0.9666666666666667
0.078,50,0.9666666666666667
0.078,50,0.8333333333333334
0.078,50,0.9333333333333333
0.078,50,1.0
0.078,50,0.9666666666666667
0.078,50,0.9
0.078,50,0.9666666666666667
0.078,50,1.0
0.078,50,0.9333333333333333
0.078,60,0.9333333333333333
0.078,60,0.9666666666666667
0.078,60,0.9
0.078,60,0.9666666666666667
0.078,60,1.0
0.078,60,0.9
0.078,60,0.9666666666666667
0.078,60,0.9666666666666667
0.078,60,0.9333333333333333
0.078,60,0.9333333333333333
0.078,60,0.9666666666666667
0.078,60,0.9666666666666667
0.078,60,0.9666666666666667
0.078,60,0.9333333333333333
0.078,60,0.8666666666666667
0.078,60,1.0
0.078,60,1.0
0.078,60,0.9333333333333333
0.078,60,0.8333333333333334
0.078,60,0.9333333333333333
0.078,60,0.9666666666666667
0.078,60,0.9
0.078,60,1.0
0.078,60,0.9
0.078,60,0.9666666666666667
0.078,60,0.8
0.078,60,0.8666666666666667
0.078,60,0.9666666666666667
0.078,60,0.9
0.078,60,0.9333333333333333
0.078,60,0.9666666666666667
0.078,60,0.9333333333333333
0.078,60,0.9
0.078,60,0.9
0.078,60,0.9333333333333333
0.078,60,0.9333333333333333
0.078,60,1.0
0.078,60,0.9333333333333333
0.078,60,0.9666666666666667
0.078,60,0.9333333333333333
0.078,60,0.9333333333333333
0.078,60,0.9
0.078,60,0.9333333333333333
0.078,60,0.9666666666666667
0.078,60,0.9666666666666667
0.078,60,0.9333333333333333
0.078,60,0.9333333333333333
0.078,60,1.0
0.078,60,0.8666666666666667
0.078,60,0.9
0.078,60,0.9666666666666667
0.078,60,0.9
0.078,60,0.9666666666666667
0.078,60,0.9
0.078,60,1.0
0.078,60,1.0
0.078,60,0.9666666666666667
0.078,60,0.9333333333333333
0.078,60,0.9333333333333333
0.078,60,0.8333333333333334
0.078,60,0.9333333333333333
0.078,60,0.9666666666666667
0.078,60,0.9666666666666667
0.078,60,1.0
0.078,60,0.9666666666666667
0.078,60,0.9666666666666667
0.078,60,0.9666666666666667
0.078,60,0.9
0.078,60,0.9666666666666667
0.078,60,0.9333333333333333
0.078,60,0.9666666666666667
0.078,60,1.0
0.078,60,0.9333333333333333
0.078,60,0.9666666666666667
0.078,60,1.0
0.078,60,0.8666666666666667
0.078,60,0.8666666666666667
0.078,60,0.9333333333333333
0.078,60,0.9333333333333333
0.078,60,0.9666666666666667
0.078,60,0.9
0.078,60,0.9666666666666667
0.078,60,0.9666666666666667
0.078,60,0.8666666666666667
0.078,60,0.9
0.078,60,0.9333333333333333
0.078,60,1.0
0.078,60,0.9666666666666667
0.078,60,0.9666666666666667
0.078,60,0.9
0.078,60,0.9
0.078,60,0.9666666666666667
0.078,60,0.9333333333333333
0.078,60,0.8666666666666667
0.078,60,0.8666666666666667
0.078,60,0.9
0.078,60,1.0
0.078,60,0.9666666666666667
0.078,60,0.9666666666666667
0.078,60,0.9666666666666667
0.078,70,0.9333333333333333
0.078,70,0.9333333333333333
0.078,70,1.0
0.078,70,0.9666666666666667
0.078,70,1.0
0.078,70,0.9333333333333333
0.078,70,1.0
0.078,70,1.0
0.078,70,0.9333333333333333
0.078,70,0.9
0.078,70,0.9666666666666667
0.078,70,1.0
0.078,70,0.9333333333333333
0.078,70,0.9666666666666667
0.078,70,0.9333333333333333
0.078,70,0.9666666666666667
0.078,70,0.8666666666666667
0.078,70,0.9666666666666667
0.078,70,0.8666666666666667
0.078,70,0.9
0.078,70,0.9333333333333333
0.078,70,0.9333333333333333
0.078,70,0.9333333333333333
0.078,70,0.8666666666666667
0.078,70,0.9666666666666667
0.078,70,0.8666666666666667
0.078,70,0.9666666666666667
0.078,70,0.9333333333333333
0.078,70,0.9333333333333333
0.078,70,0.9666666666666667
0.078,70,0.9666666666666667
0.078,70,0.9666666666666667
0.078,70,0.9666666666666667
0.078,70,0.9333333333333333
0.078,70,0.9666666666666667
0.078,70,0.9333333333333333
0.078,70,0.9666666666666667
0.078,70,0.9333333333333333
0.078,70,0.9666666666666667
0.078,70,0.9666666666666667
0.078,70,1.0
0.078,70,0.9666666666666667
0.078,70,0.8333333333333334
0.078,70,1.0
0.078,70,0.9666666666666667
0.078,70,0.9333333333333333
0.078,70,1.0
0.078,70,0.9333333333333333
0.078,70,0.8666666666666667
0.078,70,0.8666666666666667
0.078,70,1.0
0.078,70,0.9
0.078,70,0.9333333333333333
0.078,70,0.8666666666666667
0.078,70,0.9666666666666667
0.078,70,1.0
0.078,70,0.9333333333333333
0.078,70,0.8666666666666667
0.078,70,1.0
0.078,70,0.9666666666666667
0.078,70,0.9666666666666667
0.078,70,0.8666666666666667
0.078,70,0.9
0.078,70,1.0
0.078,70,1.0
0.078,70,1.0
0.078,70,0.9666666666666667
0.078,70,0.9
0.078,70,0.9333333333333333
0.078,70,0.9666666666666667
0.078,70,0.9333333333333333
0.078,70,1.0
0.078,70,1.0
0.078,70,1.0
0.078,70,1.0
0.078,70,0.9666666666666667
0.078,70,0.9333333333333333
0.078,70,0.8666666666666667
0.078,70,0.9333333333333333
0.078,70,0.9666666666666667
0.078,70,0.9666666666666667
0.078,70,0.9666666666666667
0.078,70,0.9
0.078,70,0.8666666666666667
0.078,70,0.9333333333333333
0.078,70,0.9666666666666667
0.078,70,0.9666666666666667
0.078,70,0.8666666666666667
0.078,70,0.9
0.078,70,0.9
0.078,70,1.0
0.078,70,0.9666666666666667
0.078,70,0.9333333333333333
0.078,70,1.0
0.078,70,1.0
0.078,70,0.9333333333333333
0.078,70,0.9666666666666667
0.078,70,0.9666666666666667
0.078,70,0.9666666666666667
0.078,70,0.8666666666666667
0.078,80,0.9333333333333333
0.078,80,0.9
0.078,80,1.0
0.078,80,0.9666666666666667
0.078,80,0.9333333333333333
0.078,80,0.9666666666666667
0.078,80,0.9333333333333333
0.078,80,0.9333333333333333
0.078,80,0.9666666666666667
0.078,80,1.0
0.078,80,0.9666666666666667
0.078,80,0.9666666666666667
0.078,80,0.9666666666666667
0.078,80,0.9666666666666667
0.078,80,0.8666666666666667
0.078,80,0.9333333333333333
0.078,80,0.9333333333333333
0.078,80,0.9666666666666667
0.078,80,0.9
0.078,80,1.0
0.078,80,0.9666666666666667
0.078,80,0.9
0.078,80,1.0
0.078,80,0.9
0.078,80,0.9
0.078,80,0.9333333333333333
0.078,80,0.9666666666666667
0.078,80,1.0
0.078,80,0.9333333333333333
0.078,80,1.0
0.078,80,0.9
0.078,80,0.9666666666666667
0.078,80,1.0
0.078,80,0.9666666666666667
0.078,80,0.9
0.078,80,0.9666666666666667
0.078,80,0.9333333333333333
0.078,80,0.9333333333333333
0.078,80,0.9333333333333333
0.078,80,0.9
0.078,80,0.9666666666666667
0.078,80,0.9666666666666667
0.078,80,0.9
0.078,80,0.9333333333333333
0.078,80,0.9666666666666667
0.078,80,0.9666666666666667
0.078,80,0.9666666666666667
0.078,80,0.9666666666666667
0.078,80,0.9333333333333333
0.078,80,0.9
0.078,80,1.0
0.078,80,0.9666666666666667
0.078,80,1.0
0.078,80,1.0
0.078,80,0.9666666666666667
0.078,80,0.9
0.078,80,0.9333333333333333
0.078,80,0.9666666666666667
0.078,80,0.9666666666666667
0.078,80,0.9333333333333333
0.078,80,0.9333333333333333
0.078,80,0.9
0.078,80,0.9
0.078,80,0.8666666666666667
0.078,80,0.9
0.078,80,1.0
0.078,80,0.9666666666666667
0.078,80,0.9333333333333333
0.078,80,0.9333333333333333
0.078,80,1.0
0.078,80,0.8666666666666667
0.078,80,0.9333333333333333
0.078,80,0.9666666666666667
0.078,80,1.0
0.078,80,0.9666666666666667
0.078,80,0.9333333333333333
0.078,80,0.8666666666666667
0.078,80,0.8333333333333334
0.078,80,0.9
0.078,80,0.9333333333333333
0.078,80,0.9666666666666667
0.078,80,0.9
0.078,80,1.0
0.078,80,0.8333333333333334
0.078,80,0.9666666666666667
0.078,80,0.9333333333333333
0.078,80,1.0
0.078,80,0.9333333333333333
0.078,80,0.9
0.078,80,0.9333333333333333
0.078,80,0.9333333333333333
0.078,80,0.9333333333333333
0.078,80,0.9333333333333333
0.078,80,0.9333333333333333
0.078,80,0.9666666666666667
0.078,80,0.9333333333333333
0.078,80,0.9666666666666667
0.078,80,1.0
0.078,80,0.8666666666666667
0.078,80,0.9333333333333333
0.078,90,0.9333333333333333
0.078,90,0.9
0.078,90,1.0
0.078,90,0.9333333333333333
0.078,90,0.9666666666666667
0.078,90,0.9333333333333333
0.078,90,1.0
0.078,90,0.9666666666666667
0.078,90,0.9
0.078,90,0.9666666666666667
0.078,90,0.9666666666666667
0.078,90,0.9666666666666667
0.078,90,0.9666666666666667
0.078,90,0.9
0.078,90,0.9
0.078,90,1.0
0.078,90,0.9
0.078,90,0.9666666666666667
0.078,90,0.9333333333333333
0.078,90,0.9666666666666667
0.078,90,0.9666666666666667
0.078,90,1.0
0.078,90,0.8333333333333334
0.078,90,0.9
0.078,90,0.9333333333333333
0.078,90,0.9666666666666667
0.078,90,1.0
0.078,90,0.9666666666666667
0.078,90,0.9333333333333333
0.078,90,0.9666666666666667
0.078,90,1.0
0.078,90,0.9666666666666667
0.078,90,0.9666666666666667
0.078,90,1.0
0.078,90,0.9
0.078,90,0.9666666666666667
0.078,90,1.0
0.078,90,0.9
0.078,90,0.9
0.078,90,0.9666666666666667
0.078,90,0.9666666666666667
0.078,90,0.9333333333333333
0.078,90,0.9333333333333333
0.078,90,0.9
0.078,90,1.0
0.078,90,0.9333333333333333
0.078,90,0.9333333333333333
0.078,90,0.9666666666666667
0.078,90,0.9666666666666667
0.078,90,0.8666666666666667
0.078,90,0.8666666666666667
0.078,90,0.9666666666666667
0.078,90,0.9
0.078,90,0.9666666666666667
0.078,90,1.0
0.078,90,0.9
0.078,90,0.9
0.078,90,0.9666666666666667
0.078,90,0.9
0.078,90,0.9666666666666667
0.078,90,0.9666666666666667
0.078,90,0.9666666666666667
0.078,90,0.9
0.078,90,0.9666666666666667
0.078,90,0.8666666666666667
0.078,90,0.9666666666666667
0.078,90,1.0
0.078,90,0.9
0.078,90,0.9333333333333333
0.078,90,1.0
0.078,90,0.9
0.078,90,0.9333333333333333
0.078,90,0.9666666666666667
0.078,90,0.9333333333333333
0.078,90,0.9666666666666667
0.078,90,0.9
0.078,90,1.0
0.078,90,0.9333333333333333
0.078,90,0.8666666666666667
0.078,90,0.9666666666666667
0.078,90,0.9333333333333333
0.078,90,0.9666666666666667
0.078,90,0.9666666666666667
0.078,90,0.9
0.078,90,0.9333333333333333
0.078,90,0.9666666666666667
0.078,90,1.0
0.078,90,0.9666666666666667
0.078,90,0.9333333333333333
0.078,90,0.9666666666666667
0.078,90,0.9333333333333333
0.078,90,1.0
0.078,90,0.8333333333333334
0.078,90,0.8666666666666667
0.078,90,1.0
0.078,90,0.9333333333333333
0.078,90,0.9666666666666667
0.078,90,0.9
0.078,90,0.9666666666666667
0.078,90,0.9666666666666667
0.113,10,0.8333333333333334
0.113,10,0.9333333333333333
0.113,10,0.8
0.113,10,0.9
0.113,10,0.8333333333333334
0.113,10,0.8666666666666667
0.113,10,0.8333333333333334
0.113,10,0.6333333333333333
0.113,10,0.9666666666666667
0.113,10,0.8666666666666667
0.113,10,0.8333333333333334
0.113,10,0.8666666666666667
0.113,10,0.8
0.113,10,0.8
0.113,10,0.7666666666666667
0.113,10,0.9
0.113,10,0.8
0.113,10,0.7
0.113,10,0.8
0.113,10,0.8
0.113,10,0.6333333333333333
0.113,10,0.8666666666666667
0.113,10,0.7666666666666667
0.113,10,0.7333333333333333
0.113,10,0.8333333333333334
0.113,10,0.7
0.113,10,0.9666666666666667
0.113,10,0.9333333333333333
0.113,10,0.9
0.113,10,0.9333333333333333
0.113,10,0.7666666666666667
0.113,10,0.8333333333333334
0.113,10,0.8333333333333334
0.113,10,0.8333333333333334
0.113,10,0.8666666666666667
0.113,10,0.8666666666666667
0.113,10,0.8333333333333334
0.113,10,0.9
0.113,10,0.9333333333333333
0.113,10,0.9333333333333333
0.113,10,0.8333333333333334
0.113,10,0.8666666666666667
0.113,10,0.8
0.113,10,0.8666666666666667
0.113,10,0.8333333333333334
0.113,10,0.7333333333333333
0.113,10,0.9333333333333333
0.113,10,0.5666666666666667
0.113,10,0.8333333333333334
0.113,10,0.8
0.113,10,0.8
0.113,10,0.9333333333333333
0.113,10,0.8
0.113,10,0.7666666666666667
0.113,10,0.8666666666666667
0.113,10,0.8333333333333334
0.113,10,0.8666666666666667
0.113,10,0.8666666666666667
0.113,10,0.9666666666666667
0.113,10,0.7666666666666667
0.113,10,0.9666666666666667
0.113,10,0.7666666666666667
0.113,10,0.5333333333333333
0.113,10,0.8333333333333334
0.113,10,0.8333333333333334
0.113,10,0.8
0.113,10,0.7666666666666667
0.113,10,0.7666666666666667
0.113,10,0.8
0.113,10,0.6666666666666666
0.113,10,0.7666666666666667
0.113,10,0.8333333333333334
0.113,10,0.8333333333333334
0.113,10,0.8666666666666667
0.113,10,0.9666666666666667
0.113,10,0.7666666666666667
0.113,10,0.9333333333333333
0.113,10,0.8
0.113,10,0.7
0.113,10,0.7333333333333333
0.113,10,0.8666666666666667
0.113,10,0.8
0.113,10,0.9333333333333333
0.113,10,0.8
0.113,10,0.8333333333333334
0.113,10,0.9666666666666667
0.113,10,0.9
0.113,10,0.8
0.113,10,0.6333333333333333
0.113,10,0.8666666666666667
0.113,10,0.7666666666666667
0.113,10,0.9333333333333333
0.113,10,0.8
0.113,10,0.8
0.113,10,0.9666666666666667
0.113,10,0.8
0.113,10,0.7666666666666667
0.113,10,0.9333333333333333
0.113,10,0.9333333333333333
0.113,10,0.9333333333333333
0.113,20,0.8333333333333334
0.113,20,0.9
0.113,20,0.9333333333333333
0.113,20,0.8666666666666667
0.113,20,0.8333333333333334
0.113,20,0.9
0.113,20,0.8666666666666667
0.113,20,0.9
0.113,20,0.8333333333333334
0.113,20,0.8666666666666667
0.113,20,0.9333333333333333
0.113,20,0.8666666666666667
0.113,20,0.8333333333333334
0.113,20,0.9
0.113,20,0.7666666666666667
0.113,20,0.7666666666666667
0.113,20,0.9
0.113,20,0.7666666666666667
0.113,20,0.9333333333333333
0.113,20,0.8666666666666667
0.113,20,0.9
0.113,20,0.9
0.113,20,0.8333333333333334
0.113,20,0.9333333333333333
0.113,20,0.8666666666666667
0.113,20,0.8
0.113,20,0.9
0.113,20,0.8666666666666667
0.113,20,1.0
0.113,20,0.8666666666666667
0.113,20,0.8666666666666667
0.113,20,0.8666666666666667
0.113,20,0.7666666666666667
0.113,20,0.7666666666666667
0.113,20,0.9333333333333333
0.113,20,0.8333333333333334
0.113,20,0.8333333333333334
0.113,20,0.7666666666666667
0.113,20,0.9333333333333333
0.113,20,0.9
0.113,20,0.9
0.113,20,0.9333333333333333
0.113,20,0.8333333333333334
0.113,20,0.8333333333333334
0.113,20,0.9
0.113,20,0.8666666666666667
0.113,20,0.9333333333333333
0.113,20,0.9333333333333333
0.113,20,0.9
0.113,20,0.8333333333333334
0.113,20,1.0
0.113,20,0.9
0.113,20,0.9333333333333333
0.113,20,0.9
0.113,20,0.7
0.113,20,0.8666666666666667
0.113,20,0.8666666666666667
0.113,20,0.8666666666666667
0.113,20,0.9333333333333333
0.113,20,0.8666666666666667
0.113,20,0.8333333333333334
0.113,20,0.9
0.113,20,0.8
0.113,20,0.8666666666666667
0.113,20,0.8666666666666667
0.113,20,0.8666666666666667
0.113,20,0.7333333333333333
0.113,20,0.7666666666666667
0.113,20,0.8666666666666667
0.113,20,0.8666666666666667
0.113,20,0.8333333333333334
0.113,20,0.9333333333333333
0.113,20,0.9333333333333333
0.113,20,0.8666666666666667
0.113,20,0.9
0.113,20,0.8333333333333334
0.113,20,0.8
0.113,20,0.9
0.113,20,0.8
0.113,20,0.8
0.113,20,0.8666666666666667
0.113,20,0.9
0.113,20,0.8666666666666667
0.113,20,0.9333333333333333
0.113,20,0.9
0.113,20,0.8666666666666667
0.113,20,0.8333333333333334
0.113,20,0.8333333333333334
0.113,20,0.8
0.113,20,0.7666666666666667
0.113,20,0.8666666666666667
0.113,20,0.8666666666666667
0.113,20,0.7666666666666667
0.113,20,0.8333333333333334
0.113,20,0.9333333333333333
0.113,20,0.8666666666666667
0.113,20,0.7333333333333333
0.113,20,0.8666666666666667
0.113,20,0.9666666666666667
0.113,20,0.9333333333333333
0.113,30,0.8666666666666667
0.113,30,0.9
0.113,30,0.8
0.113,30,0.8333333333333334
0.113,30,0.8666666666666667
0.113,30,0.9
0.113,30,0.9333333333333333
0.113,30,0.8666666666666667
0.113,30,0.8666666666666667
0.113,30,0.9666666666666667
0.113,30,0.7
0.113,30,0.7666666666666667
0.113,30,0.8333333333333334
0.113,30,0.9333333333333333
0.113,30,0.8666666666666667
0.113,30,0.8
0.113,30,0.9
0.113,30,0.8666666666666667
0.113,30,0.8666666666666667
0.113,30,0.8666666666666667
0.113,30,0.9333333333333333
0.113,30,0.8666666666666667
0.113,30,0.9333333333333333
0.113,30,0.9
0.113,30,0.8666666666666667
0.113,30,0.8333333333333334
0.113,30,0.8333333333333334
0.113,30,0.8666666666666667
0.113,30,0.9
0.113,30,0.8666666666666667
0.113,30,0.8666666666666667
0.113,30,0.9666666666666667
0.113,30,0.8
0.113,30,0.8666666666666667
0.113,30,0.9333333333333333
0.113,30,0.8666666666666667
0.113,30,0.7333333333333333
0.113,30,0.8333333333333334
0.113,30,0.9
0.113,30,1.0
0.113,30,0.9
0.113,30,0.8666666666666667
0.113,30,0.8
0.113,30,0.9666666666666667
0.113,30,0.9
0.113,30,0.9333333333333333
0.113,30,0.8333333333333334
0.113,30,0.7666666666666667
0.113,30,0.9333333333333333
0.113,30,0.9
0.113,30,0.8
0.113,30,0.7666666666666667
0.113,30,0.9666666666666667
0.113,30,0.9666666666666667
0.113,30,0.9666666666666667
0.113,30,0.9666666666666667
0.113,30,0.9333333333333333
0.113,30,0.9
0.113,30,0.8666666666666667
0.113,30,0.9666666666666667
0.113,30,0.8333333333333334
0.113,30,0.9333333333333333
0.113,30,0.9
0.113,30,0.9333333333333333
0.113,30,0.8333333333333334
0.113,30,0.9
0.113,30,0.8666666666666667
0.113,30,0.8666666666666667
0.113,30,0.8333333333333334
0.113,30,0.8666666666666667
0.113,30,0.7666666666666667
0.113,30,0.9333333333333333
0.113,30,0.8333333333333334
0.113,30,0.8333333333333334
0.113,30,0.8666666666666667
0.113,30,0.9
0.113,30,0.9
0.113,30,0.8666666666666667
0.113,30,0.8666666666666667
0.113,30,0.9666666666666667
0.113,30,0.9333333333333333
0.113,30,0.8333333333333334
0.113,30,0.8666666666666667
0.113,30,0.7666666666666667
0.113,30,0.8333333333333334
0.113,30,0.7333333333333333
0.113,30,0.7333333333333333
0.113,30,0.8666666666666667
0.113,30,0.7
0.113,30,0.9
0.113,30,0.9
0.113,30,0.8666666666666667
0.113,30,0.8333333333333334
0.113,30,0.8
0.113,30,0.8333333333333334
0.113,30,0.8333333333333334
0.113,30,0.8333333333333334
0.113,30,0.8666666666666667
0.113,30,0.9
0.113,30,1.0
0.113,40,0.8
0.113,40,0.9333333333333333
0.113,40,0.8666666666666667
0.113,40,0.9333333333333333
0.113,40,0.9
0.113,40,0.8666666666666667
0.113,40,0.8
0.113,40,0.8666666666666667
0.113,40,0.9
0.113,40,0.9333333333333333
0.113,40,0.7666666666666667
0.113,40,0.8666666666666667
0.113,40,0.8666666666666667
0.113,40,0.9666666666666667
0.113,40,0.9
0.113,40,0.8666666666666667
0.113,40,0.9
0.113,40,0.7666666666666667
0.113,40,0.8666666666666667
0.113,40,0.8333333333333334
0.113,40,0.8333333333333334
0.113,40,0.8666666666666667
0.113,40,0.9333333333333333
0.113,40,0.8666666666666667
0.113,40,0.7666666666666667
0.113,40,0.8666666666666667
0.113,40,0.9
0.113,40,0.9
0.113,40,0.9666666666666667
0.113,40,0.7666666666666667
0.113,40,0.8
0.113,40,0.9333333333333333
0.113,40,0.9
0.113,40,0.8666666666666667
0.113,40,0.8666666666666667
0.113,40,0.9333333333333333
0.113,40,0.9
0.113,40,0.9
0.113,40,0.8666666666666667
0.113,40,0.9
0.113,40,0.8
0.113,40,0.9
0.113,40,0.8333333333333334
0.113,40,0.9
0.113,40,0.8666666666666667
0.113,40,1.0
0.113,40,0.8666666666666667
0.113,40,0.9333333333333333
0.113,40,0.8333333333333334
0.113,40,0.8333333333333334
0.113,40,0.8666666666666667
0.113,40,0.9
0.113,40,0.8666666666666667
0.113,40,0.9
0.113,40,0.8666666666666667
0.113,40,0.9
0.113,40,0.9
0.113,40,0.8
0.113,40,0.8
0.113,40,0.9333333333333333
0.113,40,0.8666666666666667
0.113,40,0.9
0.113,40,0.7666666666666667
0.113,40,0.9
0.113,40,0.9
0.113,40,0.8666666666666667
0.113,40,0.9333333333333333
0.113,40,0.8666666666666667
0.113,40,0.8333333333333334
0.113,40,0.8333333333333334
0.113,40,0.7666666666666667
0.113,40,0.7666666666666667
0.113,40,0.9
0.113,40,0.8666666666666667
0.113,40,0.9
0.113,40,0.8
0.113,40,0.9666666666666667
0.113,40,0.7666666666666667
0.113,40,0.9333333333333333
0.113,40,0.8
0.113,40,0.9333333333333333
0.113,40,0.9
0.113,40,0.8333333333333334
0.113,40,0.9
0.113,40,0.9333333333333333
0.113,40,0.7666666666666667
0.113,40,0.8333333333333334
0.113,40,0.8333333333333334
0.113,40,0.9
0.113,40,0.8333333333333334
0.113,40,0.9
0.113,40,0.9
0.113,40,0.9333333333333333
0.113,40,0.8666666666666667
0.113,40,0.8
0.113,40,0.8
0.113,40,0.9333333333333333
0.113,40,0.9
0.113,40,0.9
0.113,40,0.9666666666666667
0.113,50,0.7333333333333333
0.113,50,0.8666666666666667
0.113,50,0.9333333333333333
0.113,50,0.8666666666666667
0.113,50,0.8
0.113,50,0.8666666666666667
0.113,50,0.9
0.113,50,0.8666666666666667
0.113,50,0.8
0.113,50,0.9
0.113,50,0.8666666666666667
0.113,50,0.9333333333333333
0.113,50,0.9333333333333333
0.113,50,0.8333333333333334
0.113,50,0.9
0.113,50,0.9
0.113,50,0.9666666666666667
0.113,50,0.8333333333333334
0.113,50,0.9333333333333333
0.113,50,0.9333333333333333
0.113,50,0.8666666666666667
0.113,50,0.9333333333333333
0.113,50,0.7666666666666667
0.113,50,0.9666666666666667
0.113,50,0.9
0.113,50,0.8
0.113,50,0.8
0.113,50,0.8666666666666667
0.113,50,0.8
0.113,50,0.8666666666666667
0.113,50,0.8333333333333334
0.113,50,0.8
0.113,50,0.8333333333333334
0.113,50,0.8666666666666667
0.113,50,0.8
0.113,50,0.9
0.113,50,0.9
0.113,50,0.9
0.113,50,0.9333333333333333
0.113,50,0.8
0.113,50,0.8666666666666667
0.113,50,0.9
0.113,50,0.9333333333333333
0.113,50,0.9
0.113,50,0.9
0.113,50,0.9333333333333333
0.113,50,0.9333333333333333
0.113,50,0.9
0.113,50,0.9
0.113,50,0.9333333333333333
0.113,50,0.8333333333333334
0.113,50,0.8666666666666667
0.113,50,0.8333333333333334
0.113,50,0.9333333333333333
0.113,50,0.9
0.113,50,0.9666666666666667
0.113,50,0.9
0.113,50,0.8666666666666667
0.113,50,0.9333333333333333
0.113,50,0.9333333333333333
0.113,50,0.9333333333333333
0.113,50,0.8666666666666667
0.113,50,0.9666666666666667
0.113,50,0.9333333333333333
0.113,50,0.8
0.113,50,0.9
0.113,50,0.9333333333333333
0.113,50,0.8666666666666667
0.113,50,0.8
0.113,50,0.8
0.113,50,0.8333333333333334
0.113,50,0.8666666666666667
0.113,50,0.8666666666666667
0.113,50,0.8666666666666667
0.113,50,0.8666666666666667
0.113,50,0.8666666666666667
0.113,50,0.8666666666666667
0.113,50,0.8333333333333334
0.113,50,0.9
0.113,50,0.7666666666666667
0.113,50,0.8
0.113,50,0.8
0.113,50,0.7333333333333333
0.113,50,0.9
0.113,50,0.8333333333333334
0.113,50,0.8333333333333334
0.113,50,0.9666666666666667
0.113,50,0.9333333333333333
0.113,50,0.9333333333333333
0.113,50,0.9666666666666667
0.113,50,0.9
0.113,50,0.9
0.113,50,0.7333333333333333
0.113,50,0.8333333333333334
0.113,50,0.9333333333333333
0.113,50,0.9666666666666667
0.113,50,0.8666666666666667
0.113,50,0.8666666666666667
0.113,50,0.9666666666666667
0.113,50,0.9
0.113,60,0.9
0.113,60,0.9
0.113,60,0.8333333333333334
0.113,60,0.9333333333333333
0.113,60,0.9666666666666667
0.113,60,0.8666666666666667
0.113,60,0.8
0.113,60,0.8666666666666667
0.113,60,0.9
0.113,60,0.9
0.113,60,0.9
0.113,60,0.8666666666666667
0.113,60,0.9333333333333333
0.113,60,0.8
0.113,60,0.7333333333333333
0.113,60,0.9666666666666667
0.113,60,0.8666666666666667
0.113,60,0.9
0.113,60,0.8
0.113,60,0.8666666666666667
0.113,60,0.9333333333333333
0.113,60,0.8333333333333334
0.113,60,0.9
0.113,60,0.7666666666666667
0.113,60,0.8666666666666667
0.113,60,0.7666666666666667
0.113,60,0.8333333333333334
0.113,60,0.8
0.113,60,0.8
0.113,60,0.9
0.113,60,0.7333333333333333
0.113,60,0.8
0.113,60,0.9
0.113,60,0.8
0.113,60,0.9333333333333333
0.113,60,0.8666666666666667
0.113,60,0.9
0.113,60,0.8333333333333334
0.113,60,0.9666666666666667
0.113,60,0.8666666666666667
0.113,60,0.8666666666666667
0.113,60,0.9
0.113,60,0.7666666666666667
0.113,60,0.8666666666666667
0.113,60,0.9666666666666667
0.113,60,0.9333333333333333
0.113,60,0.8333333333333334
0.113,60,0.9333333333333333
0.113,60,0.8333333333333334
0.113,60,0.8666666666666667
0.113,60,0.9333333333333333
0.113,60,0.8
0.113,60,0.9333333333333333
0.113,60,0.8
0.113,60,0.8333333333333334
0.113,60,0.9
0.113,60,0.9333333333333333
0.113,60,0.8666666666666667
0.113,60,0.8666666666666667
0.113,60,0.7666666666666667
0.113,60,0.9
0.113,60,0.9333333333333333
0.113,60,0.9333333333333333
0.113,60,0.9666666666666667
0.113,60,0.7666666666666667
0.113,60,0.9
0.113,60,0.9333333333333333
0.113,60,0.8666666666666667
0.113,60,0.9
0.113,60,0.8333333333333334
0.113,60,0.8666666666666667
0.113,60,0.9333333333333333
0.113,60,0.8333333333333334
0.113,60,0.8666666666666667
0.113,60,0.8333333333333334
0.113,60,0.8666666666666667
0.113,60,0.8
0.113,60,0.8666666666666667
0.113,60,0.8666666666666667
0.113,60,0.9
0.113,60,0.8666666666666667
0.113,60,0.8666666666666667
0.113,60,0.9
0.113,60,0.8333333333333334
0.113,60,0.8
0.113,60,0.7
0.113,60,0.9
0.113,60,0.8333333333333334
0.113,60,0.8666666666666667
0.113,60,0.8333333333333334
0.113,60,0.8
0.113,60,0.9333333333333333
0.113,60,0.8666666666666667
0.113,60,0.7333333333333333
0.113,60,0.8
0.113,60,0.8333333333333334
0.113,60,0.9
0.113,60,0.9
0.113,60,0.9
0.113,60,0.9666666666666667
0.113,70,0.9
0.113,70,0.8
0.113,70,0.9333333333333333
0.113,70,0.9
0.113,70,0.9666666666666667
0.113,70,0.8666666666666667
0.113,70,0.9333333333333333
0.113,70,0.9
0.113,70,0.9
0.113,70,0.8666666666666667
0.113,70,0.8666666666666667
0.113,70,0.8666666666666667
0.113,70,0.8
0.113,70,0.9333333333333333
0.113,70,0.8333333333333334
0.113,70,0.9
0.113,70,0.8666666666666667
0.113,70,0.8666666666666667
0.113,70,0.8
0.113,70,0.8666666666666667
0.113,70,0.8666666666666667
0.113,70,0.8666666666666667
0.113,70,0.8666666666666667
0.113,70,0.8
0.113,70,0.9333333333333333
0.113,70,0.7333333333333333
0.113,70,0.9666666666666667
0.113,70,0.8
0.113,70,0.7666666666666667
0.113,70,0.9
0.113,70,0.9
0.113,70,0.9666666666666667
0.113,70,0.8333333333333334
0.113,70,0.9
0.113,70,0.9
0.113,70,0.8333333333333334
0.113,70,0.9
0.113,70,0.8666666666666667
0.113,70,0.9333333333333333
0.113,70,0.9333333333333333
0.113,70,0.8666666666666667
0.113,70,0.8666666666666667
0.113,70,0.7666666666666667
0.113,70,1.0
0.113,70,0.9333333333333333
0.113,70,0.9
0.113,70,0.9
0.113,70,0.9333333333333333
0.113,70,0.7666666666666667
0.113,70,0.8666666666666667
0.113,70,0.9333333333333333
0.113,70,0.7666666666666667
0.113,70,0.8333333333333334
0.113,70,0.7666666666666667
0.113,70,0.9
0.113,70,1.0
0.113,70,0.8333333333333334
0.113,70,0.7666666666666667
0.113,70,0.8
0.113,70,0.9333333333333333
0.113,70,0.8
0.113,70,0.8
0.113,70,0.8333333333333334
0.113,70,0.9666666666666667
0.113,70,0.9333333333333333
0.113,70,0.9333333333333333
0.113,70,0.9
0.113,70,0.8666666666666667
0.113,70,0.9333333333333333
0.113,70,0.8333333333333334
0.113,70,0.8333333333333334
0.113,70,0.9333333333333333
0.113,70,0.9
0.113,70,0.8333333333333334
0.113,70,0.9
0.113,70,0.8
0.113,70,0.8666666666666667
0.113,70,0.8
0.113,70,0.8666666666666667
0.113,70,0.9
0.113,70,0.9
0.113,70,0.8666666666666667
0.113,70,0.8666666666666667
0.113,70,0.8
0.113,70,0.8666666666666667
0.113,70,0.9333333333333333
0.113,70,0.9
0.113,70,0.8333333333333334
0.113,70,0.8333333333333334
0.113,70,0.7333333333333333
0.113,70,0.9333333333333333
0.113,70,0.8333333333333334
0.113,70,0.8666666666666667
0.113,70,0.9
0.113,70,1.0
0.113,70,0.8666666666666667
0.113,70,0.8
0.113,70,0.9333333333333333
0.113,70,0.9
0.113,70,0.8
0.113,80,0.8333333333333334
0.113,80,0.8666666666666667
0.113,80,0.9
0.113,80,0.9333333333333333
0.113,80,0.9
0.113,80,0.9333333333333333
0.113,80,0.9
0.113,80,0.8
0.113,80,0.9333333333333333
0.113,80,0.9333333333333333
0.113,80,0.9333333333333333
0.113,80,0.9333333333333333
0.113,80,0.9333333333333333
0.113,80,0.8666666666666667
0.113,80,0.8
0.113,80,0.8666666666666667
0.113,80,0.9
0.113,80,0.9666666666666667
0.113,80,0.8
0.113,80,0.9666666666666667
0.113,80,0.9666666666666667
0.113,80,0.8333333333333334
0.113,80,0.9333333333333333
0.113,80,0.8666666666666667
0.113,80,0.8666666666666667
0.113,80,0.8333333333333334
0.113,80,0.8333333333333334
0.113,80,0.9333333333333333
0.113,80,0.7666666666666667
0.113,80,0.9666666666666667
0.113,80,0.9
0.113,80,0.8666666666666667
0.113,80,0.9
0.113,80,0.8
0.113,80,0.8333333333333334
0.113,80,0.9666666666666667
0.113,80,0.8
0.113,80,0.8666666666666667
0.113,80,0.8333333333333334
0.113,80,0.8
0.113,80,0.9
0.113,80,0.9
0.113,80,0.7666666666666667
0.113,80,0.8666666666666667
0.113,80,0.9666666666666667
0.113,80,0.9
0.113,80,0.9
0.113,80,0.9666666666666667
0.113,80,0.8333333333333334
0.113,80,0.8
0.113,80,1.0
0.113,80,0.8666666666666667
0.113,80,0.9666666666666667
0.113,80,0.8666666666666667
0.113,80,0.9333333333333333
0.113,80,0.8666666666666667
0.113,80,0.7666666666666667
0.113,80,0.9333333333333333
0.113,80,0.9
0.113,80,0.8666666666666667
0.113,80,0.8333333333333334
0.113,80,0.9
0.113,80,0.7666666666666667
0.113,80,0.7333333333333333
0.113,80,0.9
0.113,80,0.9333333333333333
0.113,80,0.9
0.113,80,0.8
0.113,80,0.8666666666666667
0.113,80,0.9666666666666667
0.113,80,0.8666666666666667
0.113,80,0.8333333333333334
0.113,80,0.9
0.113,80,0.9333333333333333
0.113,80,0.8666666666666667
0.113,80,0.9
0.113,80,0.8333333333333334
0.113,80,0.8
0.113,80,0.9
0.113,80,0.9
0.113,80,0.8666666666666667
0.113,80,0.8
0.113,80,0.9
0.113,80,0.7333333333333333
0.113,80,0.9333333333333333
0.113,80,0.8666666666666667
0.113,80,0.9666666666666667
0.113,80,0.9
0.113,80,0.8333333333333334
0.113,80,0.8666666666666667
0.113,80,0.8666666666666667
0.113,80,0.8666666666666667
0.113,80,0.8333333333333334
0.113,80,0.8333333333333334
0.113,80,0.8333333333333334
0.113,80,0.7666666666666667
0.113,80,0.8333333333333334
0.113,80,0.9
0.113,80,0.7333333333333333
0.113,80,0.8666666666666667
0.113,90,0.9
0.113,90,0.8333333333333334
0.113,90,0.9333333333333333
0.113,90,0.9333333333333333
0.113,90,0.8666666666666667
0.113,90,0.8333333333333334
0.113,90,0.9
0.113,90,0.9666666666666667
0.113,90,0.9
0.113,90,0.9333333333333333
0.113,90,0.9333333333333333
0.113,90,0.9
0.113,90,0.8333333333333334
0.113,90,0.8666666666666667
0.113,90,0.8333333333333334
0.113,90,0.8666666666666667
0.113,90,0.8666666666666667
0.113,90,0.9333333333333333
0.113,90,0.8
0.113,90,0.8666666666666667
0.113,90,0.9333333333333333
0.113,90,0.9666666666666667
0.113,90,0.7333333333333333
0.113,90,0.8
0.113,90,0.8
0.113,90,0.8333333333333334
0.113,90,0.9333333333333333
0.113,90,0.9
0.113,90,0.8666666666666667
0.113,90,0.9666666666666667
0.113,90,0.9666666666666667
0.113,90,0.8333333333333334
0.113,90,0.9
0.113,90,0.9333333333333333
0.113,90,0.6666666666666666
0.113,90,0.9333333333333333
0.113,90,1.0
0.113,90,0.8333333333333334
0.113,90,0.7666666666666667
0.113,90,0.9
0.113,90,0.9333333333333333
0.113,90,0.9
0.113,90,0.8666666666666667
0.113,90,0.8666666666666667
0.113,90,0.9
0.113,90,0.8666666666666667
0.113,90,0.9
0.113,90,0.9
0.113,90,0.8666666666666667
0.113,90,0.7666666666666667
0.113,90,0.8
0.113,90,0.9
0.113,90,0.8333333333333334
0.113,90,0.9
0.113,90,0.8666666666666667
0.113,90,0.8333333333333334
0.113,90,0.7333333333333333
0.113,90,0.9333333333333333
0.113,90,0.8666666666666667
0.113,90,0.8333333333333334
0.113,90,0.8333333333333334
0.113,90,0.8666666666666667
0.113,90,0.8666666666666667
0.113,90,0.8333333333333334
0.113,90,0.7666666666666667
0.113,90,0.9
0.113,90,0.9333333333333333
0.113,90,0.8333333333333334
0.113,90,0.8666666666666667
0.113,90,0.8
0.113,90,0.8666666666666667
0.113,90,0.9333333333333333
0.113,90,0.8666666666666667
0.113,90,0.8333333333333334
0.113,90,0.9666666666666667
0.113,90,0.8
0.113,90,0.9666666666666667
0.113,90,0.7666666666666667
0.113,90,0.8
0.113,90,0.9
0.113,90,0.8333333333333334
0.113,90,0.7666666666666667
0.113,90,0.8333333333333334
0.113,90,0.8666666666666667
0.113,90,0.8666666666666667
0.113,90,0.8666666666666667
0.113,90,0.9666666666666667
0.113,90,0.9
0.113,90,0.7666666666666667
0.113,90,0.9
0.113,90,0.8666666666666667
0.113,90,0.9333333333333333
0.113,90,0.7333333333333333
0.113,90,0.7666666666666667
0.113,90,0.8666666666666667
0.113,90,0.8666666666666667
0.113,90,0.9666666666666667
0.113,90,0.8
0.113,90,0.9666666666666667
0.113,90,0.7666666666666667
0.183,10,0.7666666666666667
0.183,10,0.7
0.183,10,0.6666666666666666
0.183,10,0.8666666666666667
0.183,10,0.7666666666666667
0.183,10,0.6666666666666666
0.183,10,0.7
0.183,10,0.6
0.183,10,0.8
0.183,10,0.7666666666666667
0.183,10,0.4666666666666667
0.183,10,0.8
0.183,10,0.7666666666666667
0.183,10,0.7333333333333333
0.183,10,0.7
0.183,10,0.8
0.183,10,0.6666666666666666
0.183,10,0.4666666666666667
0.183,10,0.5333333333333333
0.183,10,0.6
0.183,10,0.5333333333333333
0.183,10,0.7333333333333333
0.183,10,0.7333333333333333
0.183,10,0.6
0.183,10,0.8
0.183,10,0.6666666666666666
0.183,10,0.8666666666666667
0.183,10,0.8333333333333334
0.183,10,0.7333333333333333
0.183,10,0.8333333333333334
0.183,10,0.6333333333333333
0.183,10,0.6666666666666666
0.183,10,0.8
0.183,10,0.8
0.183,10,0.8333333333333334
0.183,10,0.8
0.183,10,0.7333333333333333
0.183,10,0.8
0.183,10,0.7333333333333333
0.183,10,0.7666666666666667
0.183,10,0.7333333333333333
0.183,10,0.4666666666666667
0.183,10,0.6333333333333333
0.183,10,0.8
0.183,10,0.7333333333333333
0.183,10,0.6666666666666666
0.183,10,0.8666666666666667
0.183,10,0.5
0.183,10,0.6666666666666666
0.183,10,0.6666666666666666
0.183,10,0.5333333333333333
0.183,10,0.8333333333333334
0.183,10,0.7333333333333333
0.183,10,0.6333333333333333
0.183,10,0.6333333333333333
0.183,10,0.7333333333333333
0.183,10,0.8
0.183,10,0.7333333333333333
0.183,10,0.8666666666666667
0.183,10,0.6
0.183,10,0.8333333333333334
0.183,10,0.6
0.183,10,0.43333333333333335
0.183,10,0.7333333333333333
0.183,10,0.7666666666666667
0.183,10,0.7333333333333333
0.183,10,0.6333333333333333
0.183,10,0.6
0.183,10,0.7
0.183,10,0.5333333333333333
0.183,10,0.6
0.183,10,0.8
0.183,10,0.7
0.183,10,0.7333333333333333
0.183,10,0.7333333333333333
0.183,10,0.7333333333333333
0.183,10,0.5333333333333333
0.183,10,0.6333333333333333
0.183,10,0.6
0.183,10,0.7666666666666667
0.183,10,0.8
0.183,10,0.6666666666666666
0.183,10,0.7
0.183,10,0.7333333333333333
0.183,10,0.8
0.183,10,0.8666666666666667
0.183,10,0.7666666666666667
0.183,10,0.5666666666666667
0.183,10,0.5666666666666667
0.183,10,0.6
0.183,10,0.5666666666666667
0.183,10,0.8666666666666667
0.183,10,0.6333333333333333
0.183,10,0.7
0.183,10,0.8666666666666667
0.183,10,0.7666666666666667
0.183,10,0.6
0.183,10,0.7666666666666667
0.183,10,0.8333333333333334
0.183,10,0.8666666666666667
0.183,20,0.7333333333333333
0.183,20,0.8
0.183,20,0.8666666666666667
0.183,20,0.8333333333333334
0.183,20,0.6666666666666666
0.183,20,0.8
0.183,20,0.7666666666666667
0.183,20,0.8
0.183,20,0.7666666666666667
0.183,20,0.6666666666666666
0.183,20,0.8
0.183,20,0.7666666666666667
0.183,20,0.8
0.183,20,0.7333333333333333
0.183,20,0.6333333333333333
0.183,20,0.6666666666666666
0.183,20,0.8666666666666667
0.183,20,0.6333333333333333
0.183,20,0.7666666666666667
0.183,20,0.7
0.183,20,0.8
0.183,20,0.8
0.183,20,0.6666666666666666
0.183,20,0.7333333333333333
0.183,20,0.6666666666666666
0.183,20,0.6333333333333333
0.183,20,0.6333333333333333
0.183,20,0.8
0.183,20,0.8333333333333334
0.183,20,0.7
0.183,20,0.8333333333333334
0.183,20,0.6333333333333333
0.183,20,0.6333333333333333
0.183,20,0.5666666666666667
0.183,20,0.7333333333333333
0.183,20,0.7666666666666667
0.183,20,0.6666666666666666
0.183,20,0.7333333333333333
0.183,20,0.8333333333333334
0.183,20,0.8
0.183,20,0.8333333333333334
0.183,20,0.8333333333333334
0.183,20,0.7333333333333333
0.183,20,0.5666666666666667
0.183,20,0.7333333333333333
0.183,20,0.6666666666666666
0.183,20,0.8
0.183,20,0.8
0.183,20,0.8333333333333334
0.183,20,0.7
0.183,20,0.8333333333333334
0.183,20,0.8333333333333334
0.183,20,0.6666666666666666
0.183,20,0.8
0.183,20,0.6
0.183,20,0.7666666666666667
0.183,20,0.6333333333333333
0.183,20,0.7
0.183,20,0.8
0.183,20,0.7333333333333333
0.183,20,0.8
0.183,20,0.8
0.183,20,0.7333333333333333
0.183,20,0.7666666666666667
0.183,20,0.8333333333333334
0.183,20,0.7333333333333333
0.183,20,0.6666666666666666
0.183,20,0.6333333333333333
0.183,20,0.7333333333333333
0.183,20,0.8
0.183,20,0.7
0.183,20,0.8333333333333334
0.183,20,0.8333333333333334
0.183,20,0.7666666666666667
0.183,20,0.8666666666666667
0.183,20,0.7666666666666667
0.183,20,0.6666666666666666
0.183,20,0.7666666666666667
0.183,20,0.7666666666666667
0.183,20,0.6666666666666666
0.183,20,0.7
0.183,20,0.6666666666666666
0.183,20,0.6666666666666666
0.183,20,0.8666666666666667
0.183,20,0.7333333333333333
0.183,20,0.8333333333333334
0.183,20,0.7666666666666667
0.183,20,0.6666666666666666
0.183,20,0.7333333333333333
0.183,20,0.6333333333333333
0.183,20,0.7
0.183,20,0.6333333333333333
0.183,20,0.6
0.183,20,0.7666666666666667
0.183,20,0.7
0.183,20,0.8
0.183,20,0.6333333333333333
0.183,20,0.8333333333333334
0.183,20,0.8333333333333334
0.183,20,0.7
0.183,30,0.8333333333333334
0.183,30,0.7666666666666667
0.183,30,0.6666666666666666
0.183,30,0.7666666666666667
0.183,30,0.8
0.183,30,0.8333333333333334
0.183,30,0.7333333333333333
0.183,30,0.7333333333333333
0.183,30,0.7666666666666667
0.183,30,0.8333333333333334
0.183,30,0.6
0.183,30,0.6666666666666666
0.183,30,0.7333333333333333
0.183,30,0.7666666666666667
0.183,30,0.7666666666666667
0.183,30,0.7333333333333333
0.183,30,0.8333333333333334
0.183,30,0.8
0.183,30,0.8
0.183,30,0.6333333333333333
0.183,30,0.8
0.183,30,0.8333333333333334
0.183,30,0.6333333333333333
0.183,30,0.7333333333333333
0.183,30,0.6666666666666666
0.183,30,0.7666666666666667
0.183,30,0.6
0.183,30,0.8
0.183,30,0.7666666666666667
0.183,30,0.8333333333333334
0.183,30,0.8
0.183,30,0.8
0.183,30,0.7333333333333333
0.183,30,0.6666666666666666
0.183,30,0.8666666666666667
0.183,30,0.6666666666666666
0.183,30,0.6666666666666666
0.183,30,0.8
0.183,30,0.6333333333333333
0.183,30,0.9
0.183,30,0.7666666666666667
0.183,30,0.6333333333333333
0.183,30,0.6666666666666666
0.183,30,0.7666666666666667
0.183,30,0.8
0.183,30,0.8
0.183,30,0.7666666666666667
0.183,30,0.6666666666666666
0.183,30,0.9
0.183,30,0.8333333333333334
0.183,30,0.6
0.183,30,0.7333333333333333
0.183,30,0.8
0.183,30,0.8
0.183,30,0.8666666666666667
0.183,30,0.8666666666666667
0.183,30,0.6666666666666666
0.183,30,0.8333333333333334
0.183,30,0.8
0.183,30,0.7333333333333333
0.183,30,0.8333333333333334
0.183,30,0.8
0.183,30,0.8666666666666667
0.183,30,0.8666666666666667
0.183,30,0.7666666666666667
0.183,30,0.7333333333333333
0.183,30,0.7666666666666667
0.183,30,0.8
0.183,30,0.8
0.183,30,0.7666666666666667
0.183,30,0.7333333333333333
0.183,30,0.8333333333333334
0.183,30,0.7
0.183,30,0.8
0.183,30,0.7333333333333333
0.183,30,0.7333333333333333
0.183,30,0.7333333333333333
0.183,30,0.6666666666666666
0.183,30,0.8666666666666667
0.183,30,0.8666666666666667
0.183,30,0.7666666666666667
0.183,30,0.7333333333333333
0.183,30,0.7333333333333333
0.183,30,0.5666666666666667
0.183,30,0.6333333333333333
0.183,30,0.6333333333333333
0.183,30,0.6
0.183,30,0.6666666666666666
0.183,30,0.7
0.183,30,0.8333333333333334
0.183,30,0.8666666666666667
0.183,30,0.7333333333333333
0.183,30,0.7666666666666667
0.183,30,0.7333333333333333
0.183,30,0.7333333333333333
0.183,30,0.6666666666666666
0.183,30,0.7333333333333333
0.183,30,0.7
0.183,30,0.7333333333333333
0.183,30,0.9333333333333333
0.183,40,0.6333333333333333
0.183,40,0.8333333333333334
0.183,40,0.7333333333333333
0.183,40,0.9
0.183,40,0.6666666666666666
0.183,40,0.7
0.183,40,0.6666666666666666
0.183,40,0.7
0.183,40,0.8333333333333334
0.183,40,0.8666666666666667
0.183,40,0.6333333333333333
0.183,40,0.8333333333333334
0.183,40,0.8
0.183,40,0.7666666666666667
0.183,40,0.7333333333333333
0.183,40,0.7333333333333333
0.183,40,0.8
0.183,40,0.7333333333333333
0.183,40,0.8
0.183,40,0.7666666666666667
0.183,40,0.7333333333333333
0.183,40,0.7
0.183,40,0.8333333333333334
0.183,40,0.8
0.183,40,0.7333333333333333
0.183,40,0.7666666666666667
0.183,40,0.8
0.183,40,0.7
0.183,40,0.8
0.183,40,0.6666666666666666
0.183,40,0.7
0.183,40,0.7
0.183,40,0.6666666666666666
0.183,40,0.7
0.183,40,0.7
0.183,40,0.7
0.183,40,0.7666666666666667
0.183,40,0.7333333333333333
0.183,40,0.7666666666666667
0.183,40,0.8333333333333334
0.183,40,0.7333333333333333
0.183,40,0.7333333333333333
0.183,40,0.7333333333333333
0.183,40,0.7666666666666667
0.183,40,0.8
0.183,40,0.9
0.183,40,0.7
0.183,40,0.7666666666666667
0.183,40,0.7666666666666667
0.183,40,0.7333333333333333
0.183,40,0.8333333333333334
0.183,40,0.6666666666666666
0.183,40,0.6333333333333333
0.183,40,0.8333333333333334
0.183,40,0.7666666666666667
0.183,40,0.6666666666666666
0.183,40,0.8
0.183,40,0.7
0.183,40,0.7333333333333333
0.183,40,0.7
0.183,40,0.7666666666666667
0.183,40,0.8
0.183,40,0.6333333333333333
0.183,40,0.8666666666666667
0.183,40,0.8333333333333334
0.183,40,0.8
0.183,40,0.7333333333333333
0.183,40,0.7666666666666667
0.183,40,0.7333333333333333
0.183,40,0.7
0.183,40,0.7
0.183,40,0.6333333333333333
0.183,40,0.7333333333333333
0.183,40,0.8333333333333334
0.183,40,0.8333333333333334
0.183,40,0.7666666666666667
0.183,40,0.8333333333333334
0.183,40,0.6
0.183,40,0.8
0.183,40,0.7666666666666667
0.183,40,0.8333333333333334
0.183,40,0.8333333333333334
0.183,40,0.7333333333333333
0.183,40,0.6666666666666666
0.183,40,0.9
0.183,40,0.6
0.183,40,0.7
0.183,40,0.7
0.183,40,0.7333333333333333
0.183,40,0.6666666666666666
0.183,40,0.8333333333333334
0.183,40,0.8
0.183,40,0.7666666666666667
0.183,40,0.6666666666666666
0.183,40,0.7333333333333333
0.183,40,0.6666666666666666
0.183,40,0.8666666666666667
0.183,40,0.6666666666666666
0.183,40,0.6666666666666666
0.183,40,0.7
0.183,50,0.6
0.183,50,0.7
0.183,50,0.9
0.183,50,0.8
0.183,50,0.6333333333333333
0.183,50,0.7
0.183,50,0.7333333333333333
0.183,50,0.7333333333333333
0.183,50,0.7333333333333333
0.183,50,0.8666666666666667
0.183,50,0.7333333333333333
0.183,50,0.8
0.183,50,0.8
0.183,50,0.7666666666666667
0.183,50,0.8666666666666667
0.183,50,0.8333333333333334
0.183,50,0.8666666666666667
0.183,50,0.8333333333333334
0.183,50,0.8666666666666667
0.183,50,0.8333333333333334
0.183,50,0.7666666666666667
0.183,50,0.6333333333333333
0.183,50,0.6
0.183,50,0.8333333333333334
0.183,50,0.6666666666666666
0.183,50,0.7
0.183,50,0.7666666666666667
0.183,50,0.7666666666666667
0.183,50,0.7
0.183,50,0.7
0.183,50,0.7333333333333333
0.183,50,0.6333333333333333
0.183,50,0.6
0.183,50,0.7666666666666667
0.183,50,0.6666666666666666
0.183,50,0.7333333333333333
0.183,50,0.8333333333333334
0.183,50,0.7333333333333333
0.183,50,0.8
0.183,50,0.7
0.183,50,0.6666666666666666
0.183,50,0.8333333333333334
0.183,50,0.7
0.183,50,0.8
0.183,50,0.8
0.183,50,0.7666666666666667
0.183,50,0.7
0.183,50,0.7333333333333333
0.183,50,0.8333333333333334
0.183,50,0.8666666666666667
0.183,50,0.7666666666666667
0.183,50,0.6666666666666666
0.183,50,0.7333333333333333
0.183,50,0.8
0.183,50,0.8
0.183,50,0.8
0.183,50,0.7333333333333333
0.183,50,0.7
0.183,50,0.8
0.183,50,0.8333333333333334
0.183,50,0.8333333333333334
0.183,50,0.7333333333333333
0.183,50,0.8666666666666667
0.183,50,0.9
0.183,50,0.6666666666666666
0.183,50,0.8333333333333334
0.183,50,0.8
0.183,50,0.7666666666666667
0.183,50,0.7
0.183,50,0.6333333333333333
0.183,50,0.7
0.183,50,0.7333333333333333
0.183,50,0.8333333333333334
0.183,50,0.8666666666666667
0.183,50,0.8
0.183,50,0.7666666666666667
0.183,50,0.7
0.183,50,0.7
0.183,50,0.8
0.183,50,0.6666666666666666
0.183,50,0.7
0.183,50,0.6666666666666666
0.183,50,0.5333333333333333
0.183,50,0.8
0.183,50,0.8
0.183,50,0.8
0.183,50,0.8
0.183,50,0.7333333333333333
0.183,50,0.8666666666666667
0.183,50,0.7666666666666667
0.183,50,0.7666666666666667
0.183,50,0.7333333333333333
0.183,50,0.6666666666666666
0.183,50,0.6
0.183,50,0.8666666666666667
0.183,50,0.8666666666666667
0.183,50,0.8
0.183,50,0.7333333333333333
0.183,50,0.8
0.183,50,0.7333333333333333
0.183,60,0.8666666666666667
0.183,60,0.5
0.183,60,0.7333333333333333
0.183,60,0.8
0.183,60,0.8
0.183,60,0.7333333333333333
0.183,60,0.7666666666666667
0.183,60,0.6666666666666666
0.183,60,0.9
0.183,60,0.7333333333333333
0.183,60,0.7
0.183,60,0.8
0.183,60,0.8333333333333334
0.183,60,0.7333333333333333
0.183,60,0.6333333333333333
0.183,60,0.8
0.183,60,0.6666666666666666
0.183,60,0.8333333333333334
0.183,60,0.6666666666666666
0.183,60,0.7333333333333333
0.183,60,0.8
0.183,60,0.7666666666666667
0.183,60,0.7333333333333333
0.183,60,0.6
0.183,60,0.6
0.183,60,0.7666666666666667
0.183,60,0.6666666666666666
0.183,60,0.7333333333333333
0.183,60,0.7
0.183,60,0.8
0.183,60,0.7333333333333333
0.183,60,0.7666666666666667
0.183,60,0.8
0.183,60,0.6333333333333333
0.183,60,0.9333333333333333
0.183,60,0.7333333333333333
0.183,60,0.8333333333333334
0.183,60,0.7333333333333333
0.183,60,0.8
0.183,60,0.7
0.183,60,0.7333333333333333
0.183,60,0.7666666666666667
0.183,60,0.6333333333333333
0.183,60,0.8
0.183,60,0.9333333333333333
0.183,60,0.8333333333333334
0.183,60,0.7
0.183,60,0.7333333333333333
0.183,60,0.7333333333333333
0.183,60,0.7333333333333333
0.183,60,0.8
0.183,60,0.6
0.183,60,0.8333333333333334
0.183,60,0.5333333333333333
0.183,60,0.7666666666666667
0.183,60,0.8666666666666667
0.183,60,0.8333333333333334
0.183,60,0.8666666666666667
0.183,60,0.8333333333333334
0.183,60,0.7
0.183,60,0.7333333333333333
0.183,60,0.8666666666666667
0.183,60,0.8
0.183,60,0.8
0.183,60,0.6666666666666666
0.183,60,0.8333333333333334
0.183,60,0.8666666666666667
0.183,60,0.7
0.183,60,0.8
0.183,60,0.8
0.183,60,0.8
0.183,60,0.8333333333333334
0.183,60,0.7
0.183,60,0.8333333333333334
0.183,60,0.8333333333333334
0.183,60,0.7666666666666667
0.183,60,0.6333333333333333
0.183,60,0.7
0.183,60,0.7666666666666667
0.183,60,0.7333333333333333
0.183,60,0.6333333333333333
0.183,60,0.7333333333333333
0.183,60,0.7666666666666667
0.183,60,0.7
0.183,60,0.6333333333333333
0.183,60,0.5666666666666667
0.183,60,0.8333333333333334
0.183,60,0.8333333333333334
0.183,60,0.7
0.183,60,0.7
0.183,60,0.6666666666666666
0.183,60,0.8
0.183,60,0.8
0.183,60,0.5666666666666667
0.183,60,0.5666666666666667
0.183,60,0.7666666666666667
0.183,60,0.8
0.183,60,0.6333333333333333
0.183,60,0.8
0.183,60,0.8666666666666667
0.183,70,0.8333333333333334
0.183,70,0.7333333333333333
0.183,70,0.7666666666666667
0.183,70,0.6666666666666666
0.183,70,0.9
0.183,70,0.7666666666666667
0.183,70,0.9
0.183,70,0.8
0.183,70,0.6666666666666666
0.183,70,0.7333333333333333
0.183,70,0.8
0.183,70,0.7666666666666667
0.183,70,0.6333333333333333
0.183,70,0.9
0.183,70,0.7666666666666667
0.183,70,0.7666666666666667
0.183,70,0.8
0.183,70,0.8333333333333334
0.183,70,0.7333333333333333
0.183,70,0.7333333333333333
0.183,70,0.7
0.183,70,0.7666666666666667
0.183,70,0.7
0.183,70,0.7
0.183,70,0.6666666666666666
0.183,70,0.6333333333333333
0.183,70,0.8333333333333334
0.183,70,0.5333333333333333
0.183,70,0.7
0.183,70,0.8333333333333334
0.183,70,0.8666666666666667
0.183,70,0.8666666666666667
0.183,70,0.7333333333333333
0.183,70,0.7333333333333333
0.183,70,0.8
0.183,70,0.7
0.183,70,0.8666666666666667
0.183,70,0.8
0.183,70,0.8666666666666667
0.183,70,0.7666666666666667
0.183,70,0.7333333333333333
0.183,70,0.7
0.183,70,0.5666666666666667
0.183,70,0.9
0.183,70,0.8666666666666667
0.183,70,0.8333333333333334
0.183,70,0.8333333333333334
0.183,70,0.9
0.183,70,0.6
0.183,70,0.7666666666666667
0.183,70,0.6333333333333333
0.183,70,0.7
0.183,70,0.6333333333333333
0.183,70,0.6666666666666666
0.183,70,0.7666666666666667
0.183,70,0.7666666666666667
0.183,70,0.6666666666666666
0.183,70,0.5666666666666667
0.183,70,0.6
0.183,70,0.7666666666666667
0.183,70,0.7
0.183,70,0.7333333333333333
0.183,70,0.7
0.183,70,0.9333333333333333
0.183,70,0.8
0.183,70,0.8666666666666667
0.183,70,0.8
0.183,70,0.7666666666666667
0.183,70,0.7333333333333333
0.183,70,0.7333333333333333
0.183,70,0.8
0.183,70,0.8666666666666667
0.183,70,0.8
0.183,70,0.8333333333333334
0.183,70,0.7666666666666667
0.183,70,0.7666666666666667
0.183,70,0.7666666666666667
0.183,70,0.7
0.183,70,0.8666666666666667
0.183,70,0.7666666666666667
0.183,70,0.8333333333333334
0.183,70,0.7666666666666667
0.183,70,0.8
0.183,70,0.7666666666666667
0.183,70,0.7333333333333333
0.183,70,0.8
0.183,70,0.8666666666666667
0.183,70,0.7666666666666667
0.183,70,0.7333333333333333
0.183,70,0.5
0.183,70,0.7666666666666667
0.183,70,0.7
0.183,70,0.6666666666666666
0.183,70,0.8666666666666667
0.183,70,0.8666666666666667
0.183,70,0.8333333333333334
0.183,70,0.7
0.183,70,0.8666666666666667
0.183,70,0.8333333333333334
0.183,70,0.7
0.183,80,0.7333333333333333
0.183,80,0.7
0.183,80,0.8
0.183,80,0.8333333333333334
0.183,80,0.8333333333333334
0.183,80,0.7333333333333333
0.183,80,0.7666666666666667
0.183,80,0.6666666666666666
0.183,80,0.7666666666666667
0.183,80,0.9
0.183,80,0.8
0.183,80,0.9
0.183,80,0.8666666666666667
0.183,80,0.7666666666666667
0.183,80,0.7666666666666667
0.183,80,0.7666666666666667
0.183,80,0.7333333333333333
0.183,80,0.9
0.183,80,0.6333333333333333
0.183,80,0.8666666666666667
0.183,80,0.8666666666666667
0.183,80,0.7
0.183,80,0.8
0.183,80,0.7
0.183,80,0.7666666666666667
0.183,80,0.7333333333333333
0.183,80,0.7666666666666667
0.183,80,0.7666666666666667
0.183,80,0.6333333333333333
0.183,80,0.8
0.183,80,0.7666666666666667
0.183,80,0.8
0.183,80,0.8
0.183,80,0.7
0.183,80,0.6333333333333333
0.183,80,0.8333333333333334
0.183,80,0.6666666666666666
0.183,80,0.8
0.183,80,0.7
0.183,80,0.6333333333333333
0.183,80,0.8333333333333334
0.183,80,0.7666666666666667
0.183,80,0.7
0.183,80,0.7333333333333333
0.183,80,0.8666666666666667
0.183,80,0.7333333333333333
0.183,80,0.7666666666666667
0.183,80,0.8333333333333334
0.183,80,0.7666666666666667
0.183,80,0.6666666666666666
0.183,80,0.8333333333333334
0.183,80,0.8
0.183,80,0.9
0.183,80,0.7666666666666667
0.183,80,0.8333333333333334
0.183,80,0.7333333333333333
0.183,80,0.6666666666666666
0.183,80,0.7666666666666667
0.183,80,0.7
0.183,80,0.8
0.183,80,0.6
0.183,80,0.8666666666666667
0.183,80,0.6333333333333333
0.183,80,0.7333333333333333
0.183,80,0.9
0.183,80,0.7
0.183,80,0.7
0.183,80,0.6
0.183,80,0.8
0.183,80,0.8666666666666667
0.183,80,0.7
0.183,80,0.7333333333333333
0.183,80,0.8333333333333334
0.183,80,0.8
0.183,80,0.7666666666666667
0.183,80,0.6666666666666666
0.183,80,0.7
0.183,80,0.7333333333333333
0.183,80,0.7666666666666667
0.183,80,0.7666666666666667
0.183,80,0.7666666666666667
0.183,80,0.6666666666666666
0.183,80,0.8
0.183,80,0.6333333333333333
0.183,80,0.7666666666666667
0.183,80,0.7666666666666667
0.183,80,0.8
0.183,80,0.8
0.183,80,0.7666666666666667
0.183,80,0.7
0.183,80,0.6333333333333333
0.183,80,0.7666666666666667
0.183,80,0.8
0.183,80,0.7333333333333333
0.183,80,0.7
0.183,80,0.7
0.183,80,0.7333333333333333
0.183,80,0.7666666666666667
0.183,80,0.6
0.183,80,0.7666666666666667
0.183,90,0.7666666666666667
0.183,90,0.6666666666666666
0.183,90,0.7333333333333333
0.183,90,0.8333333333333334
0.183,90,0.8666666666666667
0.183,90,0.7
0.183,90,0.8
0.183,90,0.8
0.183,90,0.8666666666666667
0.183,90,0.9
0.183,90,0.8666666666666667
0.183,90,0.8333333333333334
0.183,90,0.7333333333333333
0.183,90,0.7666666666666667
0.183,90,0.7666666666666667
0.183,90,0.7333333333333333
0.183,90,0.6666666666666666
0.183,90,0.8333333333333334
0.183,90,0.5666666666666667
0.183,90,0.6
0.183,90,0.7333333333333333
0.183,90,0.8
0.183,90,0.7
0.183,90,0.6
0.183,90,0.6666666666666666
0.183,90,0.7666666666666667
0.183,90,0.8
0.183,90,0.8333333333333334
0.183,90,0.8333333333333334
0.183,90,0.8333333333333334
0.183,90,0.7666666666666667
0.183,90,0.7
0.183,90,0.7666666666666667
0.183,90,0.7
0.183,90,0.5666666666666667
0.183,90,0.7666666666666667
0.183,90,0.7
0.183,90,0.7333333333333333
0.183,90,0.6666666666666666
0.183,90,0.8333333333333334
0.183,90,0.8333333333333334
0.183,90,0.8
0.183,90,0.7666666666666667
0.183,90,0.6666666666666666
0.183,90,0.8
0.183,90,0.5666666666666667
0.183,90,0.7333333333333333
0.183,90,0.8333333333333334
0.183,90,0.7333333333333333
0.183,90,0.6333333333333333
0.183,90,0.6666666666666666
0.183,90,0.6666666666666666
0.183,90,0.7333333333333333
0.183,90,0.6333333333333333
0.183,90,0.8333333333333334
0.183,90,0.6333333333333333
0.183,90,0.6666666666666666
0.183,90,0.9
0.183,90,0.7
0.183,90,0.6333333333333333
0.183,90,0.7
0.183,90,0.7
0.183,90,0.8
0.183,90,0.7666666666666667
0.183,90,0.7666666666666667
0.183,90,0.7333333333333333
0.183,90,0.8
0.183,90,0.7
0.183,90,0.7
0.183,90,0.7333333333333333
0.183,90,0.8
0.183,90,0.7666666666666667
0.183,90,0.7666666666666667
0.183,90,0.8
0.183,90,0.8666666666666667
0.183,90,0.7333333333333333
0.183,90,0.7333333333333333
0.183,90,0.6666666666666666
0.183,90,0.7
0.183,90,0.8333333333333334
0.183,90,0.6333333333333333
0.183,90,0.7333333333333333
0.183,90,0.7333333333333333
0.183,90,0.8
0.183,90,0.7666666666666667
0.183,90,0.8666666666666667
0.183,90,0.9333333333333333
0.183,90,0.8
0.183,90,0.6333333333333333
0.183,90,0.8666666666666667
0.183,90,0.7
0.183,90,0.8
0.183,90,0.5666666666666667
0.183,90,0.6666666666666666
0.183,90,0.7333333333333333
0.183,90,0.7666666666666667
0.183,90,0.8333333333333334
0.183,90,0.6666666666666666
0.183,90,0.8
0.183,90,0.6333333333333333
